{"overrides":[{"predicate":{"custom_model_data":1},"model":"modelengine:dummy/dummy"},{"predicate":{"custom_model_data":2},"model":"modelengine:dummy/upper_body"},{"predicate":{"custom_model_data":3},"model":"modelengine:mob_skull_berserker/left_leg"},{"predicate":{"custom_model_data":4},"model":"modelengine:mob_skull_berserker/right_leg"},{"predicate":{"custom_model_data":5},"model":"modelengine:mob_skull_berserker/right_arm"},{"predicate":{"custom_model_data":6},"model":"modelengine:mob_skull_berserker/only_body"},{"predicate":{"custom_model_data":7},"model":"modelengine:mob_skull_berserker/left_arm"},{"predicate":{"custom_model_data":8},"model":"modelengine:mob_skull_berserker/shield"},{"predicate":{"custom_model_data":9},"model":"modelengine:mob_skull_berserker/head"},{"predicate":{"custom_model_data":10},"model":"modelengine:mob_skull_berserker/back_cape"},{"predicate":{"custom_model_data":11},"model":"modelengine:mob_skull_berserker/front_cape"},{"predicate":{"custom_model_data":12},"model":"modelengine:mob_skull_berserker/axe"},{"predicate":{"custom_model_data":13},"model":"modelengine:mob_skull_berserker/eye"},{"predicate":{"custom_model_data":14},"model":"modelengine:mob_skull_berserker/jaw"},{"predicate":{"custom_model_data":15},"model":"modelengine:mob_skull_hound/left_leg"},{"predicate":{"custom_model_data":16},"model":"modelengine:mob_skull_hound/right_leg"},{"predicate":{"custom_model_data":17},"model":"modelengine:mob_skull_hound/only_body"},{"predicate":{"custom_model_data":18},"model":"modelengine:mob_skull_hound/right_arm"},{"predicate":{"custom_model_data":19},"model":"modelengine:mob_skull_hound/left_arm"},{"predicate":{"custom_model_data":20},"model":"modelengine:mob_skull_hound/head"},{"predicate":{"custom_model_data":21},"model":"modelengine:mob_skull_hound/eye"},{"predicate":{"custom_model_data":22},"model":"modelengine:mob_skull_hound/jaw"},{"predicate":{"custom_model_data":23},"model":"modelengine:mob_skull_hound/right_ear"},{"predicate":{"custom_model_data":24},"model":"modelengine:mob_skull_hound/left_ear"},{"predicate":{"custom_model_data":25},"model":"modelengine:mob_skull_hound/tail1"},{"predicate":{"custom_model_data":26},"model":"modelengine:mob_skull_hound/tail2"},{"predicate":{"custom_model_data":27},"model":"modelengine:mob_skull_mage/left_leg"},{"predicate":{"custom_model_data":28},"model":"modelengine:mob_skull_mage/right_leg"},{"predicate":{"custom_model_data":29},"model":"modelengine:mob_skull_mage/right_arm"},{"predicate":{"custom_model_data":30},"model":"modelengine:mob_skull_mage/only_body"},{"predicate":{"custom_model_data":31},"model":"modelengine:mob_skull_mage/left_arm"},{"predicate":{"custom_model_data":32},"model":"modelengine:mob_skull_mage/head"},{"predicate":{"custom_model_data":33},"model":"modelengine:mob_skull_mage/back_cape"},{"predicate":{"custom_model_data":34},"model":"modelengine:mob_skull_mage/front_cape"},{"predicate":{"custom_model_data":35},"model":"modelengine:mob_skull_mage/staff"},{"predicate":{"custom_model_data":36},"model":"modelengine:mob_skull_mage/eye"},{"predicate":{"custom_model_data":37},"model":"modelengine:mob_skull_mage/jaw"},{"predicate":{"custom_model_data":38},"model":"modelengine:mob_skull_mage/bone2"},{"predicate":{"custom_model_data":39},"model":"modelengine:mob_skull_mage/bone"},{"predicate":{"custom_model_data":40},"model":"modelengine:mob_skull_ranger/left_leg"},{"predicate":{"custom_model_data":41},"model":"modelengine:mob_skull_ranger/right_leg"},{"predicate":{"custom_model_data":42},"model":"modelengine:mob_skull_ranger/right_arm"},{"predicate":{"custom_model_data":43},"model":"modelengine:mob_skull_ranger/only_body"},{"predicate":{"custom_model_data":44},"model":"modelengine:mob_skull_ranger/left_arm"},{"predicate":{"custom_model_data":45},"model":"modelengine:mob_skull_ranger/arrow2"},{"predicate":{"custom_model_data":46},"model":"modelengine:mob_skull_ranger/head"},{"predicate":{"custom_model_data":47},"model":"modelengine:mob_skull_ranger/back_cape"},{"predicate":{"custom_model_data":48},"model":"modelengine:mob_skull_ranger/quiver"},{"predicate":{"custom_model_data":49},"model":"modelengine:mob_skull_ranger/front_cape"},{"predicate":{"custom_model_data":50},"model":"modelengine:mob_skull_ranger/bow"},{"predicate":{"custom_model_data":51},"model":"modelengine:mob_skull_ranger/eye"},{"predicate":{"custom_model_data":52},"model":"modelengine:mob_skull_ranger/jaw"},{"predicate":{"custom_model_data":53},"model":"modelengine:mob_skull_ranger/arrow"},{"predicate":{"custom_model_data":54},"model":"modelengine:mob_skull_ranger/upper_string"},{"predicate":{"custom_model_data":55},"model":"modelengine:mob_skull_ranger/lower_string"},{"predicate":{"custom_model_data":56},"model":"modelengine:vfx_skull_arrow/trail"},{"predicate":{"custom_model_data":57},"model":"modelengine:vfx_skull_arrow/body"}],"parent":"minecraft:item/generated","textures":{"layer0":"minecraft:item/leather_horse_armor"}}