{"textures":{"1":"modelengine:entity/mob_skull_ranger_extra"},"elements":[{"from":[8.0,5.5,-3.4445772],"to":[8.0,10.5,3.5554233],"faces":{"east":{"uv":[2.25,4.375,2.875,5.25],"tintindex":0,"rotation":90,"texture":"#1"},"west":{"uv":[2.875,4.375,2.25,5.25],"tintindex":0,"rotation":270,"texture":"#1"}}},{"from":[8.0,5.5,15.555424],"to":[8.0,10.5,21.555424],"faces":{"east":{"uv":[1.875,5.375,2.5,6.125],"tintindex":0,"rotation":90,"texture":"#1"},"west":{"uv":[2.5,5.375,1.875,6.125],"tintindex":0,"rotation":270,"texture":"#1"}}},{"from":[7.5,7.5,0.55542326],"to":[8.5,8.5,18.555424],"faces":{"east":{"uv":[3.375,6.0,3.5,8.25],"tintindex":0,"rotation":90,"texture":"#1"},"south":{"uv":[6.375,1.25,6.25,1.375],"tintindex":0,"rotation":180,"texture":"#1"},"north":{"uv":[4.375,5.375,4.25,5.25],"tintindex":0,"rotation":0,"texture":"#1"},"west":{"uv":[2.875,6.0,3.0,8.25],"tintindex":0,"rotation":270,"texture":"#1"},"up":{"uv":[2.625,5.375,2.75,7.625],"tintindex":0,"rotation":0,"texture":"#1"},"down":{"uv":[3.125,6.0,3.25,8.25],"tintindex":0,"rotation":180,"texture":"#1"}}}],"display":{"gui":{"rotation":[30,225,0]}}}