{"textures":{"1":"modelengine:entity/mob_skull_ranger_extra"},"elements":[{"from":[7.5,4.083333,7.5],"to":[8.5,22.083334,8.5],"faces":{"east":{"uv":[2.875,6.0,3.0,8.25],"tintindex":0,"rotation":0,"texture":"#1"},"south":{"uv":[3.125,6.0,3.25,8.25],"tintindex":0,"rotation":0,"texture":"#1"},"north":{"uv":[2.625,5.375,2.75,7.625],"tintindex":0,"rotation":0,"texture":"#1"},"west":{"uv":[3.375,6.0,3.5,8.25],"tintindex":0,"rotation":0,"texture":"#1"},"up":{"uv":[4.375,5.375,4.25,5.25],"tintindex":0,"rotation":0,"texture":"#1"},"down":{"uv":[6.375,1.25,6.25,1.375],"tintindex":0,"rotation":0,"texture":"#1"}}},{"from":[8.0,19.083334,5.5],"to":[8.0,26.083332,10.5],"faces":{"east":{"uv":[2.875,4.375,2.25,5.25],"tintindex":0,"rotation":0,"texture":"#1"},"west":{"uv":[2.25,4.375,2.875,5.25],"tintindex":0,"rotation":0,"texture":"#1"}}},{"from":[8.0,1.083333,5.5],"to":[8.0,7.083333,10.5],"faces":{"east":{"uv":[2.5,5.375,1.875,6.125],"tintindex":0,"rotation":0,"texture":"#1"},"west":{"uv":[1.875,5.375,2.5,6.125],"tintindex":0,"rotation":0,"texture":"#1"}}}],"display":{"gui":{"rotation":[30,225,0]}}}