{"textures":{"1":"modelengine:entity/mob_skull_ranger_extra"},"elements":[{"from":[7.475,12.396446,-6.835786],"to":[8.525,13.396446,-2.8357859],"faces":{"east":{"uv":[9.75,7.375,8.75,7.625],"tintindex":0,"rotation":0,"texture":"#1"},"south":{"uv":[1.5,7.875,1.75,8.125],"tintindex":0,"rotation":0,"texture":"#1"},"north":{"uv":[0.5,7.875,0.75,8.125],"tintindex":0,"rotation":0,"texture":"#1"},"west":{"uv":[0.625,6.375,1.625,6.625],"tintindex":0,"rotation":0,"texture":"#1"},"up":{"uv":[2.0,7.25,1.75,6.25],"tintindex":0,"rotation":0,"texture":"#1"},"down":{"uv":[2.375,6.25,2.125,7.25],"tintindex":0,"rotation":0,"texture":"#1"}},"rotation":{"origin":[8.0,13.646446,-7.585786],"angle":45.0,"axis":"x"}},{"from":[7.75,9.863134,-4.0769625],"to":[8.25,13.863134,-3.0769625],"faces":{"east":{"uv":[4.0,8.5,3.75,9.5],"tintindex":0,"rotation":0,"texture":"#1"},"south":{"uv":[4.625,7.25,4.75,8.25],"tintindex":0,"rotation":0,"texture":"#1"},"north":{"uv":[1.0,2.5,1.125,3.5],"tintindex":0,"rotation":0,"texture":"#1"},"west":{"uv":[3.625,6.625,3.875,7.625],"tintindex":0,"rotation":0,"texture":"#1"},"up":{"uv":[1.125,3.875,1.0,3.625],"tintindex":0,"rotation":0,"texture":"#1"},"down":{"uv":[4.375,4.875,4.25,5.125],"tintindex":0,"rotation":0,"texture":"#1"}},"rotation":{"origin":[8.0,-5.7618656,-13.351963],"angle":-22.5,"axis":"x"}},{"from":[7.5,12.0,-10.75],"to":[8.5,13.0,-7.25],"faces":{"east":{"uv":[10.0,1.375,9.125,1.625],"tintindex":0,"rotation":0,"texture":"#1"},"south":{"uv":[7.875,3.0,8.125,3.25],"tintindex":0,"rotation":0,"texture":"#1"},"north":{"uv":[7.875,2.625,8.125,2.875],"tintindex":0,"rotation":0,"texture":"#1"},"west":{"uv":[6.875,0.0,7.75,0.25],"tintindex":0,"rotation":0,"texture":"#1"},"up":{"uv":[5.0,4.25,4.75,3.375],"tintindex":0,"rotation":0,"texture":"#1"},"down":{"uv":[5.875,6.625,5.625,7.5],"tintindex":0,"rotation":0,"texture":"#1"}}},{"from":[7.475,12.396446,-2.082738],"to":[8.525,13.396446,1.9172621],"faces":{"east":{"uv":[8.75,7.375,9.75,7.625],"tintindex":0,"rotation":0,"texture":"#1"},"south":{"uv":[0.75,7.875,0.5,8.125],"tintindex":0,"rotation":0,"texture":"#1"},"north":{"uv":[1.75,7.875,1.5,8.125],"tintindex":0,"rotation":0,"texture":"#1"},"west":{"uv":[1.625,6.375,0.625,6.625],"tintindex":0,"rotation":0,"texture":"#1"},"up":{"uv":[2.0,6.25,1.75,7.25],"tintindex":0,"rotation":0,"texture":"#1"},"down":{"uv":[2.375,7.25,2.125,6.25],"tintindex":0,"rotation":0,"texture":"#1"}},"rotation":{"origin":[8.0,13.646446,2.667262],"angle":-45.0,"axis":"x"}},{"from":[7.25,9.323223,-5.209262],"to":[8.75,10.823223,-4.209262],"faces":{"east":{"uv":[8.875,8.5,8.625,8.875],"tintindex":0,"rotation":0,"texture":"#1"},"south":{"uv":[0.375,7.375,0.75,7.75],"tintindex":0,"rotation":0,"texture":"#1"},"north":{"uv":[7.25,5.875,7.625,6.25],"tintindex":0,"rotation":0,"texture":"#1"},"west":{"uv":[4.875,7.75,5.125,8.125],"tintindex":0,"rotation":0,"texture":"#1"},"up":{"uv":[2.625,4.25,2.25,4.0],"tintindex":0,"rotation":0,"texture":"#1"},"down":{"uv":[8.125,5.875,7.75,6.125],"tintindex":0,"rotation":0,"texture":"#1"}}},{"from":[7.75,9.863134,-1.8415613],"to":[8.25,13.863134,-0.8415613],"faces":{"east":{"uv":[3.75,8.5,4.0,9.5],"tintindex":0,"rotation":0,"texture":"#1"},"south":{"uv":[1.125,2.5,1.0,3.5],"tintindex":0,"rotation":0,"texture":"#1"},"north":{"uv":[4.75,7.25,4.625,8.25],"tintindex":0,"rotation":0,"texture":"#1"},"west":{"uv":[3.875,6.625,3.625,7.625],"tintindex":0,"rotation":0,"texture":"#1"},"up":{"uv":[1.125,3.625,1.0,3.875],"tintindex":0,"rotation":0,"texture":"#1"},"down":{"uv":[4.375,5.125,4.25,4.875],"tintindex":0,"rotation":0,"texture":"#1"}},"rotation":{"origin":[8.0,-5.7618656,8.433439],"angle":22.5,"axis":"x"}},{"from":[7.75,9.573223,-4.209262],"to":[8.25,10.573223,-0.7092619],"faces":{"east":{"uv":[6.875,2.75,7.75,3.0],"tintindex":0,"rotation":0,"texture":"#1"},"south":{"uv":[1.875,7.875,2.0,8.125],"tintindex":0,"rotation":0,"texture":"#1"},"north":{"uv":[7.375,1.625,7.5,1.875],"tintindex":0,"rotation":0,"texture":"#1"},"west":{"uv":[6.875,3.125,7.75,3.375],"tintindex":0,"rotation":0,"texture":"#1"},"up":{"uv":[1.375,8.625,1.25,7.75],"tintindex":0,"rotation":0,"texture":"#1"},"down":{"uv":[2.625,7.75,2.5,8.625],"tintindex":0,"rotation":0,"texture":"#1"}}},{"from":[7.5,12.0,2.3314757],"to":[8.5,13.0,5.831476],"faces":{"east":{"uv":[9.125,1.375,10.0,1.625],"tintindex":0,"rotation":0,"texture":"#1"},"south":{"uv":[8.125,2.625,7.875,2.875],"tintindex":0,"rotation":0,"texture":"#1"},"north":{"uv":[8.125,3.0,7.875,3.25],"tintindex":0,"rotation":0,"texture":"#1"},"west":{"uv":[7.75,0.0,6.875,0.25],"tintindex":0,"rotation":0,"texture":"#1"},"up":{"uv":[5.0,3.375,4.75,4.25],"tintindex":0,"rotation":0,"texture":"#1"},"down":{"uv":[5.875,7.5,5.625,6.625],"tintindex":0,"rotation":0,"texture":"#1"}}},{"from":[7.25,9.323223,-0.7092619],"to":[8.75,10.823223,0.2907381],"faces":{"east":{"uv":[8.625,8.5,8.875,8.875],"tintindex":0,"rotation":0,"texture":"#1"},"south":{"uv":[7.625,5.875,7.25,6.25],"tintindex":0,"rotation":0,"texture":"#1"},"north":{"uv":[0.75,7.375,0.375,7.75],"tintindex":0,"rotation":0,"texture":"#1"},"west":{"uv":[5.125,7.75,4.875,8.125],"tintindex":0,"rotation":0,"texture":"#1"},"up":{"uv":[2.625,4.0,2.25,4.25],"tintindex":0,"rotation":0,"texture":"#1"},"down":{"uv":[8.125,6.125,7.75,5.875],"tintindex":0,"rotation":0,"texture":"#1"}}}],"display":{"gui":{"rotation":[30,225,0]}}}