{"textures":{"0":"modelengine:entity/mob_skull_ranger","1":"modelengine:entity/mob_skull_ranger_extra"},"elements":[{"from":[5.0,9.375,2.75],"to":[5.0,11.375,6.75],"faces":{"east":{"uv":[2.125,9.875,1.625,10.125],"tintindex":0,"rotation":0,"texture":"#0"},"west":{"uv":[1.625,9.875,2.125,10.125],"tintindex":0,"rotation":0,"texture":"#0"}}},{"from":[5.5,18.375,6.75],"to":[10.5,22.375,6.75],"faces":{"south":{"uv":[1.625,5.75,1.0,6.25],"tintindex":0,"rotation":0,"texture":"#1"},"north":{"uv":[1.0,5.75,1.625,6.25],"tintindex":0,"rotation":0,"texture":"#1"}}},{"from":[10.5125,9.375,7.25],"to":[12.5125,13.375,11.25],"faces":{"east":{"uv":[6.25,0.0,6.75,0.5],"tintindex":0,"rotation":0,"texture":"#1"},"south":{"uv":[7.625,4.75,7.875,5.25],"tintindex":0,"rotation":0,"texture":"#1"},"north":{"uv":[7.625,1.625,7.875,2.125],"tintindex":0,"rotation":0,"texture":"#1"},"west":{"uv":[6.25,0.625,6.75,1.125],"tintindex":0,"rotation":0,"texture":"#1"},"up":{"uv":[5.875,8.125,5.625,7.625],"tintindex":0,"rotation":0,"texture":"#1"},"down":{"uv":[6.25,7.625,6.0,8.125],"tintindex":0,"rotation":0,"texture":"#1"}}},{"from":[3.9875002,11.375,2.75],"to":[12.0125,16.375,10.75],"faces":{"east":{"uv":[5.375,2.375,6.375,3.0],"tintindex":0,"rotation":0,"texture":"#0"},"south":{"uv":[5.125,5.375,6.125,6.0],"tintindex":0,"rotation":0,"texture":"#0"},"north":{"uv":[5.375,1.625,6.375,2.25],"tintindex":0,"rotation":0,"texture":"#0"},"west":{"uv":[4.0,5.5,5.0,6.125],"tintindex":0,"rotation":0,"texture":"#0"},"up":{"uv":[3.625,1.0,2.625,0.0],"tintindex":0,"rotation":0,"texture":"#0"},"down":{"uv":[3.625,1.125,2.625,2.125],"tintindex":0,"rotation":0,"texture":"#0"}}},{"from":[5.5,9.375,9.25],"to":[10.5,13.375,11.25],"faces":{"east":{"uv":[7.5,6.375,7.75,6.875],"tintindex":0,"rotation":0,"texture":"#1"},"south":{"uv":[5.75,3.25,6.375,3.75],"tintindex":0,"rotation":0,"texture":"#1"},"north":{"uv":[5.75,2.625,6.375,3.125],"tintindex":0,"rotation":0,"texture":"#1"},"west":{"uv":[6.75,7.5,7.0,8.0],"tintindex":0,"rotation":0,"texture":"#1"},"up":{"uv":[7.5,3.75,6.875,3.5],"tintindex":0,"rotation":0,"texture":"#1"},"down":{"uv":[7.875,4.375,7.25,4.625],"tintindex":0,"rotation":0,"texture":"#1"}}},{"from":[11.0,9.375,2.75],"to":[11.0,11.375,6.75],"faces":{"east":{"uv":[2.125,9.875,1.625,10.125],"tintindex":0,"rotation":0,"texture":"#0"},"west":{"uv":[1.625,9.875,2.125,10.125],"tintindex":0,"rotation":0,"texture":"#0"}}},{"from":[3.4875002,9.375,7.25],"to":[5.4875,13.375,11.25],"faces":{"east":{"uv":[4.25,6.125,4.75,6.625],"tintindex":0,"rotation":0,"texture":"#1"},"south":{"uv":[0.875,7.375,1.125,7.875],"tintindex":0,"rotation":0,"texture":"#1"},"north":{"uv":[1.875,4.625,2.125,5.125],"tintindex":0,"rotation":0,"texture":"#1"},"west":{"uv":[0.0,6.25,0.5,6.75],"tintindex":0,"rotation":0,"texture":"#1"},"up":{"uv":[2.375,7.875,2.125,7.375],"tintindex":0,"rotation":0,"texture":"#1"},"down":{"uv":[7.625,7.0,7.375,7.5],"tintindex":0,"rotation":0,"texture":"#1"}}},{"from":[5.0,9.375,2.75],"to":[11.0,11.375,2.75],"faces":{"south":{"uv":[10.25,5.125,9.5,5.375],"tintindex":0,"rotation":0,"texture":"#0"},"north":{"uv":[9.5,5.125,10.25,5.375],"tintindex":0,"rotation":0,"texture":"#0"}}},{"from":[5.5,17.375,4.25],"to":[10.5,18.375,9.25],"faces":{"east":{"uv":[7.875,0.625,8.5,0.75],"tintindex":0,"rotation":0,"texture":"#1"},"south":{"uv":[7.875,0.875,8.5,1.0],"tintindex":0,"rotation":0,"texture":"#1"},"north":{"uv":[7.875,0.375,8.5,0.5],"tintindex":0,"rotation":0,"texture":"#1"},"west":{"uv":[7.875,1.125,8.5,1.25],"tintindex":0,"rotation":0,"texture":"#1"},"up":{"uv":[6.125,0.625,5.5,0.0],"tintindex":0,"rotation":0,"texture":"#1"},"down":{"uv":[6.125,0.75,5.5,1.375],"tintindex":0,"rotation":0,"texture":"#1"}}},{"from":[3.5,13.375,2.25],"to":[12.5,17.375,11.25],"faces":{"east":{"uv":[4.25,0.0,5.375,0.5],"tintindex":0,"rotation":0,"texture":"#1"},"south":{"uv":[4.25,0.625,5.375,1.125],"tintindex":0,"rotation":0,"texture":"#1"},"north":{"uv":[1.0,4.0,2.125,4.5],"tintindex":0,"rotation":0,"texture":"#1"},"west":{"uv":[4.25,1.25,5.375,1.75],"tintindex":0,"rotation":0,"texture":"#1"},"up":{"uv":[1.125,1.125,0.0,0.0],"tintindex":0,"rotation":0,"texture":"#1"},"down":{"uv":[1.125,1.25,0.0,2.375],"tintindex":0,"rotation":0,"texture":"#1"}}}],"display":{"gui":{"rotation":[30,225,0]}}}