{"textures":{"0":"modelengine:entity/mob_skull_ranger"},"elements":[{"from":[4.0,-1.1132374,5.55422],"to":[12.0,0.8867626,10.55422],"faces":{"east":{"uv":[9.625,0.5,10.25,0.75],"tintindex":0,"rotation":0,"texture":"#0"},"south":{"uv":[9.0,2.0,10.0,2.25],"tintindex":0,"rotation":0,"texture":"#0"},"north":{"uv":[8.375,8.75,9.375,9.0],"tintindex":0,"rotation":0,"texture":"#0"},"west":{"uv":[9.625,0.875,10.25,1.125],"tintindex":0,"rotation":0,"texture":"#0"},"up":{"uv":[1.0,6.0,0.0,5.375],"tintindex":0,"rotation":0,"texture":"#0"},"down":{"uv":[2.125,5.375,1.125,6.0],"tintindex":0,"rotation":0,"texture":"#0"}},"rotation":{"origin":[10.0,-3.7298183,-2.2053738],"angle":-22.5,"axis":"x"}},{"from":[4.0,0.8867626,5.55422],"to":[4.0,2.8867626,10.55422],"faces":{"east":{"uv":[2.875,9.75,2.25,10.0],"tintindex":0,"rotation":0,"texture":"#0"},"west":{"uv":[2.25,9.75,2.875,10.0],"tintindex":0,"rotation":0,"texture":"#0"}},"rotation":{"origin":[10.0,-3.7298183,-2.2053738],"angle":-22.5,"axis":"x"}},{"from":[12.0,0.8867626,5.55422],"to":[12.0,2.8867626,10.55422],"faces":{"east":{"uv":[2.875,9.75,2.25,10.0],"tintindex":0,"rotation":0,"texture":"#0"},"west":{"uv":[2.25,9.75,2.875,10.0],"tintindex":0,"rotation":0,"texture":"#0"}},"rotation":{"origin":[6.0,-3.7298183,-2.2053738],"angle":-22.5,"axis":"x"}},{"from":[4.0,0.8867626,5.55422],"to":[12.0,2.8867626,5.55422],"faces":{"south":{"uv":[2.5,9.125,1.5,9.375],"tintindex":0,"rotation":0,"texture":"#0"},"north":{"uv":[1.5,9.125,2.5,9.375],"tintindex":0,"rotation":0,"texture":"#0"}},"rotation":{"origin":[10.0,-3.7298183,-2.2053738],"angle":-22.5,"axis":"x"}},{"from":[4.0,-1.1132374,10.55422],"to":[12.0,3.8867626,12.55422],"faces":{"east":{"uv":[7.125,0.5,7.375,1.125],"tintindex":0,"rotation":0,"texture":"#0"},"south":{"uv":[6.0,0.5,7.0,1.125],"tintindex":0,"rotation":0,"texture":"#0"},"north":{"uv":[5.75,3.125,6.75,3.75],"tintindex":0,"rotation":0,"texture":"#0"},"west":{"uv":[5.25,9.125,5.5,9.75],"tintindex":0,"rotation":0,"texture":"#0"},"up":{"uv":[10.0,2.625,9.0,2.375],"tintindex":0,"rotation":0,"texture":"#0"},"down":{"uv":[1.375,9.125,0.375,9.375],"tintindex":0,"rotation":0,"texture":"#0"}},"rotation":{"origin":[10.0,-3.7298183,-2.2053738],"angle":-22.5,"axis":"x"}}],"display":{"gui":{"rotation":[30,225,0]}}}