{"textures":{"0":"modelengine:entity/mob_skull_ranger","1":"modelengine:entity/mob_skull_ranger_extra"},"elements":[{"from":[5.0,-3.75,6.25],"to":[9.0,4.25,10.25],"faces":{"east":{"uv":[3.625,4.875,4.125,5.875],"tintindex":0,"rotation":0,"texture":"#1"},"south":{"uv":[5.125,3.375,5.625,4.375],"tintindex":0,"rotation":0,"texture":"#1"},"north":{"uv":[3.0,4.875,3.5,5.875],"tintindex":0,"rotation":0,"texture":"#1"},"west":{"uv":[5.125,4.5,5.625,5.5],"tintindex":0,"rotation":0,"texture":"#1"},"up":{"uv":[7.125,4.875,6.625,4.375],"tintindex":0,"rotation":0,"texture":"#1"},"down":{"uv":[7.125,5.875,6.625,6.375],"tintindex":0,"rotation":0,"texture":"#1"}}},{"from":[5.5,-4.75,6.75],"to":[8.5,8.3,9.75],"faces":{"east":{"uv":[1.5,6.125,1.875,7.75],"tintindex":0,"rotation":0,"texture":"#0"},"south":{"uv":[5.125,6.125,5.5,7.75],"tintindex":0,"rotation":0,"texture":"#0"},"north":{"uv":[1.0,6.125,1.375,7.75],"tintindex":0,"rotation":0,"texture":"#0"},"west":{"uv":[5.625,6.125,6.0,7.75],"tintindex":0,"rotation":0,"texture":"#0"},"up":{"uv":[10.125,4.25,9.75,3.875],"tintindex":0,"rotation":0,"texture":"#0"},"down":{"uv":[10.125,6.875,9.75,7.25],"tintindex":0,"rotation":0,"texture":"#0"}}}],"display":{"gui":{"rotation":[30,225,0]}}}