{"textures":{"0":"modelengine:entity/mob_skull_ranger"},"elements":[{"from":[4.875,-3.375,6.0],"to":[8.875,1.625,10.0],"faces":{"east":{"uv":[1.0,8.375,1.5,9.0],"tintindex":0,"rotation":0,"texture":"#0"},"south":{"uv":[8.375,2.0,8.875,2.625],"tintindex":0,"rotation":0,"texture":"#0"},"north":{"uv":[0.375,8.375,0.875,9.0],"tintindex":0,"rotation":0,"texture":"#0"},"west":{"uv":[5.0,8.375,5.5,9.0],"tintindex":0,"rotation":0,"texture":"#0"},"up":{"uv":[6.125,9.5,5.625,9.0],"tintindex":0,"rotation":0,"texture":"#0"},"down":{"uv":[8.0,9.0,7.5,9.5],"tintindex":0,"rotation":0,"texture":"#0"}}},{"from":[5.375,-4.375,6.5],"to":[8.375,8.625,9.5],"faces":{"east":{"uv":[3.125,6.0,3.5,7.625],"tintindex":0,"rotation":0,"texture":"#0"},"south":{"uv":[0.0,6.125,0.375,7.75],"tintindex":0,"rotation":0,"texture":"#0"},"north":{"uv":[2.625,6.0,3.0,7.625],"tintindex":0,"rotation":0,"texture":"#0"},"west":{"uv":[0.5,6.125,0.875,7.75],"tintindex":0,"rotation":0,"texture":"#0"},"up":{"uv":[1.875,8.25,1.5,7.875],"tintindex":0,"rotation":0,"texture":"#0"},"down":{"uv":[6.5,7.875,6.125,8.25],"tintindex":0,"rotation":0,"texture":"#0"}}},{"from":[4.875,-5.375,6.0],"to":[8.875,-3.375,10.0],"faces":{"east":{"uv":[5.0,9.875,5.5,10.125],"tintindex":0,"rotation":0,"texture":"#0"},"south":{"uv":[9.875,8.875,10.375,9.125],"tintindex":0,"rotation":0,"texture":"#0"},"north":{"uv":[4.0,9.875,4.5,10.125],"tintindex":0,"rotation":0,"texture":"#0"},"west":{"uv":[9.875,9.25,10.375,9.5],"tintindex":0,"rotation":0,"texture":"#0"},"up":{"uv":[3.125,9.625,2.625,9.125],"tintindex":0,"rotation":0,"texture":"#0"},"down":{"uv":[9.625,3.125,9.125,3.625],"tintindex":0,"rotation":0,"texture":"#0"}}}],"display":{"gui":{"rotation":[30,225,0]}}}