{"textures":{"1":"modelengine:entity/mob_skull_ranger_extra"},"elements":[{"from":[10.25,3.388955,7.25],"to":[11.25,21.388954,8.25],"faces":{"east":{"uv":[2.875,6.0,3.0,8.25],"tintindex":0,"rotation":0,"texture":"#1"},"south":{"uv":[3.125,6.0,3.25,8.25],"tintindex":0,"rotation":0,"texture":"#1"},"north":{"uv":[2.625,5.375,2.75,7.625],"tintindex":0,"rotation":0,"texture":"#1"},"west":{"uv":[3.375,6.0,3.5,8.25],"tintindex":0,"rotation":0,"texture":"#1"},"up":{"uv":[4.375,5.375,4.25,5.25],"tintindex":0,"rotation":0,"texture":"#1"},"down":{"uv":[6.375,1.25,6.25,1.375],"tintindex":0,"rotation":0,"texture":"#1"}},"rotation":{"origin":[11.5,16.638956,10.0],"angle":-22.5,"axis":"z"}},{"from":[5.9875,2.0,6.0],"to":[10.9875,17.0,9.0],"faces":{"east":{"uv":[0.0,2.5,0.375,4.375],"tintindex":0,"rotation":0,"texture":"#1"},"south":{"uv":[2.0,2.0,2.625,3.875],"tintindex":0,"rotation":0,"texture":"#1"},"north":{"uv":[1.25,2.0,1.875,3.875],"tintindex":0,"rotation":0,"texture":"#1"},"west":{"uv":[0.5,2.5,0.875,4.375],"tintindex":0,"rotation":0,"texture":"#1"},"up":{"uv":[4.625,7.125,4.0,6.75],"tintindex":0,"rotation":0,"texture":"#1"},"down":{"uv":[7.375,6.5,6.75,6.875],"tintindex":0,"rotation":0,"texture":"#1"}},"rotation":{"origin":[8.0,8.0,8.0],"angle":-22.5,"axis":"z"}},{"from":[5.4875,10.0,5.5],"to":[11.4875,13.0,9.5],"faces":{"east":{"uv":[6.75,7.0,7.25,7.375],"tintindex":0,"rotation":0,"texture":"#1"},"south":{"uv":[5.75,4.875,6.5,5.25],"tintindex":0,"rotation":0,"texture":"#1"},"north":{"uv":[5.75,4.375,6.5,4.75],"tintindex":0,"rotation":0,"texture":"#1"},"west":{"uv":[4.0,7.25,4.5,7.625],"tintindex":0,"rotation":0,"texture":"#1"},"up":{"uv":[5.0,6.0,4.25,5.5],"tintindex":0,"rotation":0,"texture":"#1"},"down":{"uv":[5.875,5.625,5.125,6.125],"tintindex":0,"rotation":0,"texture":"#1"}},"rotation":{"origin":[8.0,8.0,8.0],"angle":-22.5,"axis":"z"}},{"from":[13.57873,17.027918,5.5],"to":[13.57873,24.027916,10.5],"faces":{"east":{"uv":[2.875,4.375,2.25,5.25],"tintindex":0,"rotation":0,"texture":"#1"},"west":{"uv":[2.25,4.375,2.875,5.25],"tintindex":0,"rotation":0,"texture":"#1"}},"rotation":{"origin":[13.57873,15.777918,8.0],"angle":-22.5,"axis":"z"}},{"from":[10.75,18.388956,5.25],"to":[10.75,25.388954,10.25],"faces":{"east":{"uv":[2.875,4.375,2.25,5.25],"tintindex":0,"rotation":0,"texture":"#1"},"west":{"uv":[2.25,4.375,2.875,5.25],"tintindex":0,"rotation":0,"texture":"#1"}},"rotation":{"origin":[11.5,16.638956,10.0],"angle":-22.5,"axis":"z"}},{"from":[13.07873,2.0279179,7.5],"to":[14.07873,20.027918,8.5],"faces":{"east":{"uv":[2.875,6.0,3.0,8.25],"tintindex":0,"rotation":0,"texture":"#1"},"south":{"uv":[3.125,6.0,3.25,8.25],"tintindex":0,"rotation":0,"texture":"#1"},"north":{"uv":[2.625,5.375,2.75,7.625],"tintindex":0,"rotation":0,"texture":"#1"},"west":{"uv":[3.375,6.0,3.5,8.25],"tintindex":0,"rotation":0,"texture":"#1"},"up":{"uv":[4.375,5.375,4.25,5.25],"tintindex":0,"rotation":0,"texture":"#1"},"down":{"uv":[6.375,1.25,6.25,1.375],"tintindex":0,"rotation":0,"texture":"#1"}},"rotation":{"origin":[13.57873,15.777918,8.0],"angle":-22.5,"axis":"z"}},{"from":[12.25,17.638956,4.5],"to":[12.25,24.638954,9.5],"faces":{"east":{"uv":[2.875,4.375,2.25,5.25],"tintindex":0,"rotation":0,"texture":"#1"},"west":{"uv":[2.25,4.375,2.875,5.25],"tintindex":0,"rotation":0,"texture":"#1"}},"rotation":{"origin":[11.5,16.638956,10.0],"angle":-22.5,"axis":"z"}},{"from":[11.75,2.638955,6.5],"to":[12.75,20.638956,7.5],"faces":{"east":{"uv":[2.875,6.0,3.0,8.25],"tintindex":0,"rotation":0,"texture":"#1"},"south":{"uv":[3.125,6.0,3.25,8.25],"tintindex":0,"rotation":0,"texture":"#1"},"north":{"uv":[2.625,5.375,2.75,7.625],"tintindex":0,"rotation":0,"texture":"#1"},"west":{"uv":[3.375,6.0,3.5,8.25],"tintindex":0,"rotation":0,"texture":"#1"},"up":{"uv":[4.375,5.375,4.25,5.25],"tintindex":0,"rotation":0,"texture":"#1"},"down":{"uv":[6.375,1.25,6.25,1.375],"tintindex":0,"rotation":0,"texture":"#1"}},"rotation":{"origin":[11.5,16.638956,10.0],"angle":-22.5,"axis":"z"}}],"display":{"gui":{"rotation":[30,225,0]}}}