{"textures":{"0":"modelengine:entity/mob_skull_ranger","1":"modelengine:entity/mob_skull_ranger_extra"},"elements":[{"from":[7.0,-3.75,6.0],"to":[11.0,4.25,10.0],"faces":{"east":{"uv":[4.5,4.375,5.0,5.375],"tintindex":0,"rotation":0,"texture":"#1"},"south":{"uv":[0.625,4.625,1.125,5.625],"tintindex":0,"rotation":0,"texture":"#1"},"north":{"uv":[0.0,4.5,0.5,5.5],"tintindex":0,"rotation":0,"texture":"#1"},"west":{"uv":[1.25,4.625,1.75,5.625],"tintindex":0,"rotation":0,"texture":"#1"},"up":{"uv":[4.125,6.5,3.625,6.0],"tintindex":0,"rotation":0,"texture":"#1"},"down":{"uv":[6.5,5.875,6.0,6.375],"tintindex":0,"rotation":0,"texture":"#1"}}},{"from":[7.5,-4.75,6.5],"to":[10.5,8.25,9.5],"faces":{"east":{"uv":[6.25,3.875,6.625,5.5],"tintindex":0,"rotation":0,"texture":"#0"},"south":{"uv":[4.0,6.25,4.375,7.875],"tintindex":0,"rotation":0,"texture":"#0"},"north":{"uv":[6.125,6.125,6.5,7.75],"tintindex":0,"rotation":0,"texture":"#0"},"west":{"uv":[4.5,6.25,4.875,7.875],"tintindex":0,"rotation":0,"texture":"#0"},"up":{"uv":[8.25,10.125,7.875,9.75],"tintindex":0,"rotation":0,"texture":"#0"},"down":{"uv":[8.75,9.75,8.375,10.125],"tintindex":0,"rotation":0,"texture":"#0"}}}],"display":{"gui":{"rotation":[30,225,0]}}}