{"textures":{"0":"modelengine:entity/mob_skull_ranger","1":"modelengine:entity/mob_skull_ranger_extra"},"elements":[{"from":[7.0,-5.333334,6.0],"to":[11.0,-3.333334,10.0],"faces":{"east":{"uv":[3.0,10.0,3.5,10.25],"tintindex":0,"rotation":0,"texture":"#0"},"south":{"uv":[6.0,10.0,6.5,10.25],"tintindex":0,"rotation":0,"texture":"#0"},"north":{"uv":[9.375,9.875,9.875,10.125],"tintindex":0,"rotation":0,"texture":"#0"},"west":{"uv":[10.0,6.25,10.5,6.5],"tintindex":0,"rotation":0,"texture":"#0"},"up":{"uv":[9.625,4.25,9.125,3.75],"tintindex":0,"rotation":0,"texture":"#0"},"down":{"uv":[5.125,9.125,4.625,9.625],"tintindex":0,"rotation":0,"texture":"#0"}}},{"from":[7.0,-3.333334,6.0],"to":[11.0,1.666666,10.0],"faces":{"east":{"uv":[8.5,3.5,9.0,4.125],"tintindex":0,"rotation":0,"texture":"#0"},"south":{"uv":[4.0,8.5,4.5,9.125],"tintindex":0,"rotation":0,"texture":"#0"},"north":{"uv":[8.5,2.75,9.0,3.375],"tintindex":0,"rotation":0,"texture":"#0"},"west":{"uv":[8.5,5.625,9.0,6.25],"tintindex":0,"rotation":0,"texture":"#0"},"up":{"uv":[9.875,6.75,9.375,6.25],"tintindex":0,"rotation":0,"texture":"#0"},"down":{"uv":[9.875,7.5,9.375,8.0],"tintindex":0,"rotation":0,"texture":"#0"}}},{"from":[7.5,-4.333334,6.5],"to":[10.5,8.666666,9.5],"faces":{"east":{"uv":[6.625,5.625,7.0,7.25],"tintindex":0,"rotation":0,"texture":"#0"},"south":{"uv":[6.75,3.875,7.125,5.5],"tintindex":0,"rotation":0,"texture":"#0"},"north":{"uv":[6.5,1.25,6.875,2.875],"tintindex":0,"rotation":0,"texture":"#0"},"west":{"uv":[7.0,1.25,7.375,2.875],"tintindex":0,"rotation":0,"texture":"#0"},"up":{"uv":[9.25,10.125,8.875,9.75],"tintindex":0,"rotation":0,"texture":"#0"},"down":{"uv":[0.875,9.875,0.5,10.25],"tintindex":0,"rotation":0,"texture":"#0"}}},{"from":[7.0,4.666666,6.0],"to":[11.0,6.666666,10.0],"faces":{"east":{"uv":[7.625,3.5,8.125,3.75],"tintindex":0,"rotation":0,"texture":"#1"},"south":{"uv":[7.375,7.625,7.875,7.875],"tintindex":0,"rotation":0,"texture":"#1"},"north":{"uv":[7.625,2.25,8.125,2.5],"tintindex":0,"rotation":0,"texture":"#1"},"west":{"uv":[3.625,7.75,4.125,8.0],"tintindex":0,"rotation":0,"texture":"#1"},"up":{"uv":[1.125,7.25,0.625,6.75],"tintindex":0,"rotation":0,"texture":"#1"},"down":{"uv":[7.25,1.25,6.75,1.75],"tintindex":0,"rotation":0,"texture":"#1"}}}],"display":{"gui":{"rotation":[30,225,0]}}}