{"textures":{"0":"modelengine:entity/dummy"},"elements":[{"from":[5.0559998,-11.420666,5.0559998],"to":[10.944,-8.4766655,10.944],"faces":{"east":{"uv":[10.5,6.5,11.5,7.0],"tintindex":0,"rotation":0,"texture":"#0"},"south":{"uv":[10.5,7.5,11.5,8.0],"tintindex":0,"rotation":0,"texture":"#0"},"north":{"uv":[10.5,5.5,11.5,6.0],"tintindex":0,"rotation":0,"texture":"#0"},"west":{"uv":[10.5,8.5,11.5,9.0],"tintindex":0,"rotation":0,"texture":"#0"},"up":{"uv":[5.0,9.0,4.0,8.0],"tintindex":0,"rotation":0,"texture":"#0"},"down":{"uv":[9.0,4.5,8.0,5.5],"tintindex":0,"rotation":0,"texture":"#0"}}}],"display":{"gui":{"rotation":[30,225,0]}}}