{"textures":{"0":"modelengine:entity/dummy"},"elements":[{"from":[10.208,18.317806,7.264],"to":[16.096,19.789806,8.736],"faces":{"east":{"uv":[3.5,12.0,3.0,12.5],"tintindex":0,"rotation":0,"texture":"#0"},"south":{"uv":[10.0,7.0,8.0,7.5],"tintindex":0,"rotation":0,"texture":"#0"},"north":{"uv":[10.0,6.0,8.0,6.5],"tintindex":0,"rotation":0,"texture":"#0"},"west":{"uv":[12.0,3.5,11.5,4.0],"tintindex":0,"rotation":0,"texture":"#0"},"up":{"uv":[8.0,8.5,10.0,8.0],"tintindex":0,"rotation":0,"texture":"#0"},"down":{"uv":[5.5,8.5,7.5,9.0],"tintindex":0,"rotation":0,"texture":"#0"}},"rotation":{"origin":[13.152,20.525806,8.0],"angle":-22.5,"axis":"z"}},{"from":[5.792,10.929028,5.200678],"to":[10.208,13.873028,5.200678],"faces":{"south":{"uv":[7.5,4.0,6.0,5.0],"tintindex":0,"rotation":0,"texture":"#0"},"north":{"uv":[6.0,4.0,7.5,5.0],"tintindex":0,"rotation":0,"texture":"#0"}},"rotation":{"origin":[8.0,12.401028,5.568678],"angle":22.5,"axis":"x"}},{"from":[9.700714,17.97551,6.528],"to":[11.172714,20.91951,9.472],"faces":{"east":{"uv":[1.5,10.5,2.5,11.5],"tintindex":0,"rotation":0,"texture":"#0"},"south":{"uv":[0.0,12.0,0.5,13.0],"tintindex":0,"rotation":0,"texture":"#0"},"north":{"uv":[11.0,11.5,11.5,12.5],"tintindex":0,"rotation":0,"texture":"#0"},"west":{"uv":[3.0,10.5,4.0,11.5],"tintindex":0,"rotation":0,"texture":"#0"},"up":{"uv":[1.5,13.0,1.0,12.0],"tintindex":0,"rotation":0,"texture":"#0"},"down":{"uv":[2.5,12.0,2.0,13.0],"tintindex":0,"rotation":0,"texture":"#0"}},"rotation":{"origin":[11.908714,19.44751,8.0],"angle":-22.5,"axis":"z"}},{"from":[5.792,21.858807,5.792],"to":[10.208,26.274807,10.208],"faces":{"east":{"uv":[0.0,6.0,1.5,7.5],"tintindex":0,"rotation":0,"texture":"#0"},"south":{"uv":[6.0,0.0,7.5,1.5],"tintindex":0,"rotation":0,"texture":"#0"},"north":{"uv":[4.0,4.0,5.5,5.5],"tintindex":0,"rotation":0,"texture":"#0"},"west":{"uv":[2.0,6.0,3.5,7.5],"tintindex":0,"rotation":0,"texture":"#0"},"up":{"uv":[7.5,3.5,6.0,2.0],"tintindex":0,"rotation":0,"texture":"#0"},"down":{"uv":[5.5,6.0,4.0,7.5],"tintindex":0,"rotation":0,"texture":"#0"}}},{"from":[5.792,13.901806,5.792],"to":[10.208,21.261806,10.208],"faces":{"east":{"uv":[2.0,0.0,3.5,2.5],"tintindex":0,"rotation":0,"texture":"#0"},"south":{"uv":[0.0,0.0,1.5,2.5],"tintindex":0,"rotation":0,"texture":"#0"},"north":{"uv":[0.0,0.0,1.5,2.5],"tintindex":0,"rotation":0,"texture":"#0"},"west":{"uv":[2.0,3.0,3.5,5.5],"tintindex":0,"rotation":0,"texture":"#0"},"up":{"uv":[5.5,1.5,4.0,0.0],"tintindex":0,"rotation":0,"texture":"#0"},"down":{"uv":[5.5,2.0,4.0,3.5],"tintindex":0,"rotation":0,"texture":"#0"}}},{"from":[5.792,10.929028,10.799322],"to":[10.208,13.873028,10.799322],"faces":{"south":{"uv":[0.0,8.0,1.5,9.0],"tintindex":0,"rotation":0,"texture":"#0"},"north":{"uv":[1.5,8.0,0.0,9.0],"tintindex":0,"rotation":0,"texture":"#0"}},"rotation":{"origin":[8.0,12.401028,10.431322],"angle":-22.5,"axis":"x"}},{"from":[10.560356,10.009321,5.792],"to":[10.560356,12.953321,10.208],"faces":{"east":{"uv":[8.0,0.0,9.5,1.0],"tintindex":0,"rotation":0,"texture":"#0"},"west":{"uv":[9.5,0.0,8.0,1.0],"tintindex":0,"rotation":0,"texture":"#0"}},"rotation":{"origin":[8.0,12.541855,8.0],"angle":22.5,"axis":"z"}},{"from":[5.4396434,10.009321,5.792],"to":[5.4396434,12.953321,10.208],"faces":{"east":{"uv":[9.5,3.0,8.0,4.0],"tintindex":0,"rotation":0,"texture":"#0"},"west":{"uv":[8.0,3.0,9.5,4.0],"tintindex":0,"rotation":0,"texture":"#0"}},"rotation":{"origin":[8.0,12.541855,8.0],"angle":-22.5,"axis":"z"}},{"from":[-0.09599972,18.317806,7.264],"to":[5.792,19.789806,8.736],"faces":{"east":{"uv":[11.5,3.5,12.0,4.0],"tintindex":0,"rotation":0,"texture":"#0"},"south":{"uv":[8.0,7.0,10.0,7.5],"tintindex":0,"rotation":0,"texture":"#0"},"north":{"uv":[8.0,6.0,10.0,6.5],"tintindex":0,"rotation":0,"texture":"#0"},"west":{"uv":[3.0,12.0,3.5,12.5],"tintindex":0,"rotation":0,"texture":"#0"},"up":{"uv":[10.0,8.5,8.0,8.0],"tintindex":0,"rotation":0,"texture":"#0"},"down":{"uv":[7.5,8.5,5.5,9.0],"tintindex":0,"rotation":0,"texture":"#0"}},"rotation":{"origin":[2.848,20.525806,8.0],"angle":22.5,"axis":"z"}},{"from":[7.264,8.013806,7.264],"to":[8.736,13.901806,8.736],"faces":{"east":{"uv":[6.0,9.5,6.5,11.5],"tintindex":0,"rotation":0,"texture":"#0"},"south":{"uv":[7.0,9.5,7.5,11.5],"tintindex":0,"rotation":0,"texture":"#0"},"north":{"uv":[5.0,9.5,5.5,11.5],"tintindex":0,"rotation":0,"texture":"#0"},"west":{"uv":[10.0,0.0,10.5,2.0],"tintindex":0,"rotation":0,"texture":"#0"},"up":{"uv":[5.5,12.5,5.0,12.0],"tintindex":0,"rotation":0,"texture":"#0"},"down":{"uv":[12.5,5.5,12.0,6.0],"tintindex":0,"rotation":0,"texture":"#0"}}},{"from":[4.8272853,17.97551,6.528],"to":[6.2992854,20.91951,9.472],"faces":{"east":{"uv":[9.5,10.0,10.5,11.0],"tintindex":0,"rotation":0,"texture":"#0"},"south":{"uv":[8.0,11.5,8.5,12.5],"tintindex":0,"rotation":0,"texture":"#0"},"north":{"uv":[11.5,2.0,12.0,3.0],"tintindex":0,"rotation":0,"texture":"#0"},"west":{"uv":[0.0,10.5,1.0,11.5],"tintindex":0,"rotation":0,"texture":"#0"},"up":{"uv":[9.5,12.5,9.0,11.5],"tintindex":0,"rotation":0,"texture":"#0"},"down":{"uv":[10.5,11.5,10.0,12.5],"tintindex":0,"rotation":0,"texture":"#0"}},"rotation":{"origin":[4.0912857,19.44751,8.0],"angle":22.5,"axis":"z"}},{"from":[6.528,21.261806,6.528],"to":[9.472,22.733807,9.472],"faces":{"east":{"uv":[11.0,1.0,12.0,1.5],"tintindex":0,"rotation":0,"texture":"#0"},"south":{"uv":[11.0,9.5,12.0,10.0],"tintindex":0,"rotation":0,"texture":"#0"},"north":{"uv":[11.0,0.0,12.0,0.5],"tintindex":0,"rotation":0,"texture":"#0"},"west":{"uv":[11.0,10.5,12.0,11.0],"tintindex":0,"rotation":0,"texture":"#0"},"up":{"uv":[11.0,3.5,10.0,2.5],"tintindex":0,"rotation":0,"texture":"#0"},"down":{"uv":[9.0,10.0,8.0,11.0],"tintindex":0,"rotation":0,"texture":"#0"}}}],"display":{"gui":{"rotation":[30,225,0]}}}