{"textures":{"0":"modelengine:entity/skull_hound"},"elements":[{"from":[11.0,7.625,8.0],"to":[11.75,8.375,8.0],"faces":{"east":{"uv":[7.0,0.5,6.25,1.125],"tintindex":0,"rotation":0,"texture":"#0"},"south":{"uv":[10.75,6.875,10.875,7.0],"tintindex":0,"rotation":0,"texture":"#0"},"north":{"uv":[10.875,6.875,10.75,7.0],"tintindex":0,"rotation":0,"texture":"#0"},"west":{"uv":[6.875,3.25,6.125,3.875],"tintindex":0,"rotation":0,"texture":"#0"},"up":{"uv":[2.625,2.25,3.625,1.5],"tintindex":0,"rotation":0,"texture":"#0"},"down":{"uv":[2.625,2.375,3.625,3.125],"tintindex":0,"rotation":0,"texture":"#0"}}},{"from":[4.25,7.625,8.0],"to":[5.0,8.375,8.0],"faces":{"east":{"uv":[6.125,3.25,6.875,3.875],"tintindex":0,"rotation":0,"texture":"#0"},"south":{"uv":[10.875,6.875,10.75,7.0],"tintindex":0,"rotation":0,"texture":"#0"},"north":{"uv":[10.75,6.875,10.875,7.0],"tintindex":0,"rotation":0,"texture":"#0"},"west":{"uv":[6.25,0.5,7.0,1.125],"tintindex":0,"rotation":0,"texture":"#0"},"up":{"uv":[3.625,2.25,2.625,1.5],"tintindex":0,"rotation":0,"texture":"#0"},"down":{"uv":[3.625,2.375,2.625,3.125],"tintindex":0,"rotation":0,"texture":"#0"}}}],"display":{"gui":{"rotation":[30,225,0]}}}