{"textures":{"0":"modelengine:entity/skull_hound"},"elements":[{"from":[5.475,6.3220024,-4.84886],"to":[11.525,9.322002,2.1511402],"faces":{"east":{"uv":[2.75,0.875,3.625,1.25],"tintindex":0,"rotation":0,"texture":"#0"},"south":{"uv":[6.875,7.625,7.625,8.0],"tintindex":0,"rotation":0,"texture":"#0"},"north":{"uv":[0.625,7.625,1.375,8.0],"tintindex":0,"rotation":0,"texture":"#0"},"west":{"uv":[7.375,4.75,8.25,5.125],"tintindex":0,"rotation":0,"texture":"#0"},"up":{"uv":[4.375,4.125,3.625,3.25],"tintindex":0,"rotation":0,"texture":"#0"},"down":{"uv":[4.5,0.875,3.75,1.75],"tintindex":0,"rotation":0,"texture":"#0"}}},{"from":[4.5,6.3220024,2.1511402],"to":[12.5,11.322002,8.15114],"faces":{"east":{"uv":[6.125,3.25,6.875,3.875],"tintindex":0,"rotation":0,"texture":"#0"},"south":{"uv":[3.875,0.0,4.875,0.625],"tintindex":0,"rotation":0,"texture":"#0"},"north":{"uv":[3.75,1.875,4.75,2.5],"tintindex":0,"rotation":0,"texture":"#0"},"west":{"uv":[6.25,0.5,7.0,1.125],"tintindex":0,"rotation":0,"texture":"#0"},"up":{"uv":[3.625,2.25,2.625,1.5],"tintindex":0,"rotation":0,"texture":"#0"},"down":{"uv":[3.625,2.375,2.625,3.125],"tintindex":0,"rotation":0,"texture":"#0"}}},{"from":[5.475,4.3220024,-4.84886],"to":[11.525,6.3220024,-4.84886],"faces":{"south":{"uv":[7.25,9.25,6.5,9.5],"tintindex":0,"rotation":0,"texture":"#0"},"north":{"uv":[6.5,9.25,7.25,9.5],"tintindex":0,"rotation":0,"texture":"#0"}}},{"from":[11.525,4.3220024,-4.84886],"to":[11.525,6.3220024,2.1511402],"faces":{"east":{"uv":[9.25,1.125,8.375,1.375],"tintindex":0,"rotation":0,"texture":"#0"},"west":{"uv":[8.375,1.125,9.25,1.375],"tintindex":0,"rotation":0,"texture":"#0"}}},{"from":[5.475,4.3220024,-4.84886],"to":[5.475,6.3220024,2.1511402],"faces":{"east":{"uv":[9.25,1.125,8.375,1.375],"tintindex":0,"rotation":0,"texture":"#0"},"west":{"uv":[8.375,1.125,9.25,1.375],"tintindex":0,"rotation":0,"texture":"#0"}}}],"display":{"gui":{"rotation":[30,225,0]}}}