{"textures":{"0":"modelengine:entity/skull_hound"},"elements":[{"from":[4.9625,7.484791,2.6612558],"to":[4.9625,9.484791,8.661256],"faces":{"east":{"uv":[10.0,2.25,9.25,2.5],"tintindex":0,"rotation":0,"texture":"#0"},"west":{"uv":[9.25,2.25,10.0,2.5],"tintindex":0,"rotation":0,"texture":"#0"}},"rotation":{"origin":[8.4625,6.484791,6.161256],"angle":-22.5,"axis":"x"}},{"from":[11.0375,7.484791,2.6612558],"to":[11.0375,9.484791,8.661256],"faces":{"east":{"uv":[10.0,2.25,9.25,2.5],"tintindex":0,"rotation":0,"texture":"#0"},"west":{"uv":[9.25,2.25,10.0,2.5],"tintindex":0,"rotation":0,"texture":"#0"}},"rotation":{"origin":[7.5375,6.484791,6.161256],"angle":-22.5,"axis":"x"}},{"from":[4.9625,4.484791,2.6612558],"to":[11.0375,7.484791,8.661256],"faces":{"east":{"uv":[3.25,7.75,4.0,8.125],"tintindex":0,"rotation":0,"texture":"#0"},"south":{"uv":[4.125,7.75,4.875,8.125],"tintindex":0,"rotation":0,"texture":"#0"},"north":{"uv":[2.375,7.75,3.125,8.125],"tintindex":0,"rotation":0,"texture":"#0"},"west":{"uv":[7.75,7.625,8.5,8.0],"tintindex":0,"rotation":0,"texture":"#0"},"up":{"uv":[2.0,5.5,1.25,4.75],"tintindex":0,"rotation":0,"texture":"#0"},"down":{"uv":[2.875,4.75,2.125,5.5],"tintindex":0,"rotation":0,"texture":"#0"}},"rotation":{"origin":[8.4625,6.484791,6.161256],"angle":-22.5,"axis":"x"}},{"from":[5.0,6.2215195,-2.689639],"to":[11.0,8.221519,-2.689639],"faces":{"south":{"uv":[9.875,7.0,9.125,7.25],"tintindex":0,"rotation":0,"texture":"#0"},"north":{"uv":[9.125,7.0,9.875,7.25],"tintindex":0,"rotation":0,"texture":"#0"}}},{"from":[5.0,4.2215195,-2.689639],"to":[11.0,6.2215195,3.310361],"faces":{"east":{"uv":[2.875,9.0,3.625,9.25],"tintindex":0,"rotation":0,"texture":"#0"},"south":{"uv":[8.875,9.0,9.625,9.25],"tintindex":0,"rotation":0,"texture":"#0"},"north":{"uv":[2.0,9.0,2.75,9.25],"tintindex":0,"rotation":0,"texture":"#0"},"west":{"uv":[5.625,9.125,6.375,9.375],"tintindex":0,"rotation":0,"texture":"#0"},"up":{"uv":[5.5,4.875,4.75,4.125],"tintindex":0,"rotation":0,"texture":"#0"},"down":{"uv":[0.75,4.875,0.0,5.625],"tintindex":0,"rotation":0,"texture":"#0"}}},{"from":[5.0,6.2215195,-2.689639],"to":[5.0,8.221519,3.310361],"faces":{"east":{"uv":[10.0,0.0,9.25,0.25],"tintindex":0,"rotation":0,"texture":"#0"},"west":{"uv":[9.25,0.0,10.0,0.25],"tintindex":0,"rotation":0,"texture":"#0"}}},{"from":[11.0,6.2215195,-2.689639],"to":[11.0,8.221519,3.310361],"faces":{"east":{"uv":[10.0,0.0,9.25,0.25],"tintindex":0,"rotation":0,"texture":"#0"},"west":{"uv":[9.25,0.0,10.0,0.25],"tintindex":0,"rotation":0,"texture":"#0"}}},{"from":[11.0,6.2215195,-2.689639],"to":[11.0,8.221519,3.310361],"faces":{"east":{"uv":[10.0,0.0,9.25,0.25],"tintindex":0,"rotation":0,"texture":"#0"},"west":{"uv":[9.25,0.0,10.0,0.25],"tintindex":0,"rotation":0,"texture":"#0"}}}],"display":{"gui":{"rotation":[30,225,0]}}}