{"textures":{"0":"modelengine:entity/skull_hound"},"elements":[{"from":[-2.3342762,-2.5,4.3644314],"to":[0.6657238,8.5,8.364431],"faces":{"east":{"uv":[5.375,5.0,5.0,6.375],"tintindex":0,"rotation":0,"texture":"#0"},"south":{"uv":[3.5,3.25,3.0,4.625],"tintindex":0,"rotation":0,"texture":"#0"},"north":{"uv":[5.0,5.0,5.375,6.375],"tintindex":0,"rotation":0,"texture":"#0"},"west":{"uv":[3.0,3.25,3.5,4.625],"tintindex":0,"rotation":0,"texture":"#0"},"up":{"uv":[2.75,7.625,2.375,7.125],"tintindex":0,"rotation":0,"texture":"#0"},"down":{"uv":[9.625,2.625,9.25,3.125],"tintindex":0,"rotation":0,"texture":"#0"}},"rotation":{"origin":[6.5657234,2.5,-12.635569],"angle":22.5,"axis":"y"}}],"display":{"gui":{"rotation":[30,225,0]}}}