{"textures":{"0":"modelengine:entity/skull_hound"},"elements":[{"from":[7.5,7.4410067,6.7034206],"to":[8.5,10.441007,12.703421],"faces":{"east":{"uv":[5.0,8.0,5.75,8.375],"tintindex":0,"rotation":0,"texture":"#0"},"south":{"uv":[1.125,9.625,1.25,10.0],"tintindex":0,"rotation":0,"texture":"#0"},"north":{"uv":[4.625,1.25,4.75,1.625],"tintindex":0,"rotation":0,"texture":"#0"},"west":{"uv":[8.0,5.25,8.75,5.625],"tintindex":0,"rotation":0,"texture":"#0"},"up":{"uv":[6.375,7.875,6.25,7.125],"tintindex":0,"rotation":0,"texture":"#0"},"down":{"uv":[4.875,9.25,4.75,10.0],"tintindex":0,"rotation":0,"texture":"#0"}},"rotation":{"origin":[7.0,9.716006,9.703421],"angle":-22.5,"axis":"x"}}],"display":{"gui":{"rotation":[30,225,0]}}}