{"textures":{"0":"modelengine:entity/skull_hound"},"elements":[{"from":[-0.37867928,4.3817186,-1.9751043],"to":[6.6213202,6.3817186,-0.07510471],"faces":{"east":{"uv":[5.375,2.75,5.625,3.0],"tintindex":0,"rotation":0,"texture":"#0"},"south":{"uv":[8.375,1.875,9.25,2.125],"tintindex":0,"rotation":0,"texture":"#0"},"north":{"uv":[8.375,1.5,9.25,1.75],"tintindex":0,"rotation":0,"texture":"#0"},"west":{"uv":[5.625,4.625,5.875,4.875],"tintindex":0,"rotation":0,"texture":"#0"},"up":{"uv":[9.25,5.0,8.375,4.75],"tintindex":0,"rotation":0,"texture":"#0"},"down":{"uv":[6.75,8.375,5.875,8.625],"tintindex":0,"rotation":0,"texture":"#0"}},"rotation":{"origin":[3.4748735,5.0281653,2.9748955],"angle":-45.0,"axis":"z"}},{"from":[3.0,1.2456799,-12.5251045],"to":[7.0,6.24568,-12.5251045],"faces":{"south":{"uv":[6.125,7.25,5.625,7.875],"tintindex":0,"rotation":0,"texture":"#0"},"north":{"uv":[5.625,7.25,6.125,7.875],"tintindex":0,"rotation":0,"texture":"#0"}}},{"from":[-2.0,7.24568,-2.0251045],"to":[6.0,10.24568,-0.025104523],"faces":{"east":{"uv":[0.875,4.875,1.125,5.25],"tintindex":0,"rotation":0,"texture":"#0"},"south":{"uv":[7.0,3.25,8.0,3.625],"tintindex":0,"rotation":0,"texture":"#0"},"north":{"uv":[6.875,6.625,7.875,7.0],"tintindex":0,"rotation":0,"texture":"#0"},"west":{"uv":[5.625,4.125,5.875,4.5],"tintindex":0,"rotation":0,"texture":"#0"},"up":{"uv":[9.0,7.375,8.0,7.125],"tintindex":0,"rotation":0,"texture":"#0"},"down":{"uv":[9.125,0.0,8.125,0.25],"tintindex":0,"rotation":0,"texture":"#0"}},"rotation":{"origin":[1.0,12.24568,-1.0251045],"angle":22.5,"axis":"z"}},{"from":[5.975,8.24568,-1.5251045],"to":[10.025,11.24568,10.4748955],"faces":{"east":{"uv":[4.5,3.625,6.0,4.0],"tintindex":0,"rotation":0,"texture":"#0"},"south":{"uv":[8.875,8.5,9.375,8.875],"tintindex":0,"rotation":0,"texture":"#0"},"north":{"uv":[8.25,8.875,8.75,9.25],"tintindex":0,"rotation":0,"texture":"#0"},"west":{"uv":[4.625,0.75,6.125,1.125],"tintindex":0,"rotation":0,"texture":"#0"},"up":{"uv":[1.125,3.25,0.625,1.75],"tintindex":0,"rotation":0,"texture":"#0"},"down":{"uv":[2.5,1.5,2.0,3.0],"tintindex":0,"rotation":0,"texture":"#0"}},"rotation":{"origin":[8.025,11.24568,5.4748955],"angle":22.5,"axis":"x"}},{"from":[9.378679,4.3817186,-5.4751043],"to":[16.37868,6.3817186,-3.5751047],"faces":{"east":{"uv":[5.875,4.625,5.625,4.875],"tintindex":0,"rotation":0,"texture":"#0"},"south":{"uv":[9.25,1.875,8.375,2.125],"tintindex":0,"rotation":0,"texture":"#0"},"north":{"uv":[9.25,1.5,8.375,1.75],"tintindex":0,"rotation":0,"texture":"#0"},"west":{"uv":[5.625,2.75,5.375,3.0],"tintindex":0,"rotation":0,"texture":"#0"},"up":{"uv":[8.375,5.0,9.25,4.75],"tintindex":0,"rotation":0,"texture":"#0"},"down":{"uv":[5.875,8.375,6.75,8.625],"tintindex":0,"rotation":0,"texture":"#0"}},"rotation":{"origin":[12.525126,5.0281653,-0.5251045],"angle":45.0,"axis":"z"}},{"from":[10.0,7.24568,-5.5251045],"to":[18.0,10.24568,-3.5251045],"faces":{"east":{"uv":[5.875,4.125,5.625,4.5],"tintindex":0,"rotation":0,"texture":"#0"},"south":{"uv":[8.0,3.25,7.0,3.625],"tintindex":0,"rotation":0,"texture":"#0"},"north":{"uv":[7.875,6.625,6.875,7.0],"tintindex":0,"rotation":0,"texture":"#0"},"west":{"uv":[1.125,4.875,0.875,5.25],"tintindex":0,"rotation":0,"texture":"#0"},"up":{"uv":[8.0,7.375,9.0,7.125],"tintindex":0,"rotation":0,"texture":"#0"},"down":{"uv":[8.125,0.0,9.125,0.25],"tintindex":0,"rotation":0,"texture":"#0"}},"rotation":{"origin":[15.0,12.24568,-4.5251045],"angle":-22.5,"axis":"z"}},{"from":[-2.0,7.24568,-5.5251045],"to":[6.0,10.24568,-3.5251045],"faces":{"east":{"uv":[0.875,4.875,1.125,5.25],"tintindex":0,"rotation":0,"texture":"#0"},"south":{"uv":[7.0,3.25,8.0,3.625],"tintindex":0,"rotation":0,"texture":"#0"},"north":{"uv":[6.875,6.625,7.875,7.0],"tintindex":0,"rotation":0,"texture":"#0"},"west":{"uv":[5.625,4.125,5.875,4.5],"tintindex":0,"rotation":0,"texture":"#0"},"up":{"uv":[9.0,7.375,8.0,7.125],"tintindex":0,"rotation":0,"texture":"#0"},"down":{"uv":[9.125,0.0,8.125,0.25],"tintindex":0,"rotation":0,"texture":"#0"}},"rotation":{"origin":[1.0,12.24568,-4.5251045],"angle":22.5,"axis":"z"}},{"from":[3.0,1.2456799,-12.5251045],"to":[3.0,6.24568,-6.5251045],"faces":{"east":{"uv":[7.25,4.0,6.5,4.625],"tintindex":0,"rotation":0,"texture":"#0"},"west":{"uv":[6.5,4.0,7.25,4.625],"tintindex":0,"rotation":0,"texture":"#0"}}},{"from":[9.378679,4.3817186,-1.9751043],"to":[16.37868,6.3817186,-0.07510471],"faces":{"east":{"uv":[5.875,4.625,5.625,4.875],"tintindex":0,"rotation":0,"texture":"#0"},"south":{"uv":[9.25,1.875,8.375,2.125],"tintindex":0,"rotation":0,"texture":"#0"},"north":{"uv":[9.25,1.5,8.375,1.75],"tintindex":0,"rotation":0,"texture":"#0"},"west":{"uv":[5.625,2.75,5.375,3.0],"tintindex":0,"rotation":0,"texture":"#0"},"up":{"uv":[8.375,5.0,9.25,4.75],"tintindex":0,"rotation":0,"texture":"#0"},"down":{"uv":[5.875,8.375,6.75,8.625],"tintindex":0,"rotation":0,"texture":"#0"}},"rotation":{"origin":[12.525126,5.0281653,2.9748955],"angle":45.0,"axis":"z"}},{"from":[9.378679,3.3817186,1.5248957],"to":[16.37868,5.3817186,3.4248953],"faces":{"east":{"uv":[5.875,4.625,5.625,4.875],"tintindex":0,"rotation":0,"texture":"#0"},"south":{"uv":[9.25,1.875,8.375,2.125],"tintindex":0,"rotation":0,"texture":"#0"},"north":{"uv":[9.25,1.5,8.375,1.75],"tintindex":0,"rotation":0,"texture":"#0"},"west":{"uv":[5.625,2.75,5.375,3.0],"tintindex":0,"rotation":0,"texture":"#0"},"up":{"uv":[8.375,5.0,9.25,4.75],"tintindex":0,"rotation":0,"texture":"#0"},"down":{"uv":[5.875,8.375,6.75,8.625],"tintindex":0,"rotation":0,"texture":"#0"}},"rotation":{"origin":[12.525126,4.0281653,6.4748955],"angle":45.0,"axis":"z"}},{"from":[-2.0,6.24568,1.4748955],"to":[6.0,9.24568,3.4748955],"faces":{"east":{"uv":[0.875,4.875,1.125,5.25],"tintindex":0,"rotation":0,"texture":"#0"},"south":{"uv":[7.0,3.25,8.0,3.625],"tintindex":0,"rotation":0,"texture":"#0"},"north":{"uv":[6.875,6.625,7.875,7.0],"tintindex":0,"rotation":0,"texture":"#0"},"west":{"uv":[5.625,4.125,5.875,4.5],"tintindex":0,"rotation":0,"texture":"#0"},"up":{"uv":[9.0,7.375,8.0,7.125],"tintindex":0,"rotation":0,"texture":"#0"},"down":{"uv":[9.125,0.0,8.125,0.25],"tintindex":0,"rotation":0,"texture":"#0"}},"rotation":{"origin":[1.0,11.24568,2.4748955],"angle":22.5,"axis":"z"}},{"from":[4.0,6.24568,5.4748955],"to":[12.0,11.24568,11.4748955],"faces":{"east":{"uv":[5.125,6.5,5.875,7.125],"tintindex":0,"rotation":0,"texture":"#0"},"south":{"uv":[3.625,4.25,4.625,4.875],"tintindex":0,"rotation":0,"texture":"#0"},"north":{"uv":[1.25,4.0,2.25,4.625],"tintindex":0,"rotation":0,"texture":"#0"},"west":{"uv":[6.5,5.5,7.25,6.125],"tintindex":0,"rotation":0,"texture":"#0"},"up":{"uv":[3.75,0.75,2.75,0.0],"tintindex":0,"rotation":0,"texture":"#0"},"down":{"uv":[2.25,3.125,1.25,3.875],"tintindex":0,"rotation":0,"texture":"#0"}},"rotation":{"origin":[8.0,8.74568,8.4748955],"angle":-22.5,"axis":"x"}},{"from":[3.0,6.24568,-12.5251045],"to":[13.0,11.24568,-6.5251045],"faces":{"east":{"uv":[6.375,1.25,7.125,1.875],"tintindex":0,"rotation":0,"texture":"#0"},"south":{"uv":[1.375,0.75,2.625,1.375],"tintindex":0,"rotation":0,"texture":"#0"},"north":{"uv":[1.375,0.0,2.625,0.625],"tintindex":0,"rotation":0,"texture":"#0"},"west":{"uv":[6.375,2.0,7.125,2.625],"tintindex":0,"rotation":0,"texture":"#0"},"up":{"uv":[1.25,0.75,0.0,0.0],"tintindex":0,"rotation":0,"texture":"#0"},"down":{"uv":[1.25,0.875,0.0,1.625],"tintindex":0,"rotation":0,"texture":"#0"}}},{"from":[9.0,1.2456799,-12.5251045],"to":[13.0,6.24568,-12.5251045],"faces":{"south":{"uv":[5.625,7.25,6.125,7.875],"tintindex":0,"rotation":0,"texture":"#0"},"north":{"uv":[6.125,7.25,5.625,7.875],"tintindex":0,"rotation":0,"texture":"#0"}}},{"from":[-0.37867928,3.3817186,1.5248957],"to":[6.6213202,5.3817186,3.4248953],"faces":{"east":{"uv":[5.375,2.75,5.625,3.0],"tintindex":0,"rotation":0,"texture":"#0"},"south":{"uv":[8.375,1.875,9.25,2.125],"tintindex":0,"rotation":0,"texture":"#0"},"north":{"uv":[8.375,1.5,9.25,1.75],"tintindex":0,"rotation":0,"texture":"#0"},"west":{"uv":[5.625,4.625,5.875,4.875],"tintindex":0,"rotation":0,"texture":"#0"},"up":{"uv":[9.25,5.0,8.375,4.75],"tintindex":0,"rotation":0,"texture":"#0"},"down":{"uv":[6.75,8.375,5.875,8.625],"tintindex":0,"rotation":0,"texture":"#0"}},"rotation":{"origin":[3.4748735,4.0281653,6.4748955],"angle":-45.0,"axis":"z"}},{"from":[6.0,9.24568,-12.175104],"to":[10.0,12.24568,-0.17510414],"faces":{"east":{"uv":[3.75,2.625,5.25,3.0],"tintindex":0,"rotation":0,"texture":"#0"},"south":{"uv":[7.625,8.875,8.125,9.25],"tintindex":0,"rotation":0,"texture":"#0"},"north":{"uv":[5.0,8.875,5.5,9.25],"tintindex":0,"rotation":0,"texture":"#0"},"west":{"uv":[4.5,3.125,6.0,3.5],"tintindex":0,"rotation":0,"texture":"#0"},"up":{"uv":[1.875,3.0,1.375,1.5],"tintindex":0,"rotation":0,"texture":"#0"},"down":{"uv":[0.5,1.75,0.0,3.25],"tintindex":0,"rotation":0,"texture":"#0"}},"rotation":{"origin":[8.0,10.74568,-6.175104],"angle":-22.5,"axis":"x"}},{"from":[-0.37867928,4.3817186,-5.4751043],"to":[6.6213202,6.3817186,-3.5751047],"faces":{"east":{"uv":[5.375,2.75,5.625,3.0],"tintindex":0,"rotation":0,"texture":"#0"},"south":{"uv":[8.375,1.875,9.25,2.125],"tintindex":0,"rotation":0,"texture":"#0"},"north":{"uv":[8.375,1.5,9.25,1.75],"tintindex":0,"rotation":0,"texture":"#0"},"west":{"uv":[5.625,4.625,5.875,4.875],"tintindex":0,"rotation":0,"texture":"#0"},"up":{"uv":[9.25,5.0,8.375,4.75],"tintindex":0,"rotation":0,"texture":"#0"},"down":{"uv":[6.75,8.375,5.875,8.625],"tintindex":0,"rotation":0,"texture":"#0"}},"rotation":{"origin":[3.4748735,5.0281653,-0.5251045],"angle":-45.0,"axis":"z"}},{"from":[10.0,6.24568,1.4748955],"to":[18.0,9.24568,3.4748955],"faces":{"east":{"uv":[5.875,4.125,5.625,4.5],"tintindex":0,"rotation":0,"texture":"#0"},"south":{"uv":[8.0,3.25,7.0,3.625],"tintindex":0,"rotation":0,"texture":"#0"},"north":{"uv":[7.875,6.625,6.875,7.0],"tintindex":0,"rotation":0,"texture":"#0"},"west":{"uv":[1.125,4.875,0.875,5.25],"tintindex":0,"rotation":0,"texture":"#0"},"up":{"uv":[8.0,7.375,9.0,7.125],"tintindex":0,"rotation":0,"texture":"#0"},"down":{"uv":[8.125,0.0,9.125,0.25],"tintindex":0,"rotation":0,"texture":"#0"}},"rotation":{"origin":[15.0,11.24568,2.4748955],"angle":-22.5,"axis":"z"}},{"from":[13.0,1.2456799,-12.5251045],"to":[13.0,6.24568,-6.5251045],"faces":{"east":{"uv":[7.25,4.0,6.5,4.625],"tintindex":0,"rotation":0,"texture":"#0"},"west":{"uv":[6.5,4.0,7.25,4.625],"tintindex":0,"rotation":0,"texture":"#0"}}},{"from":[10.0,7.24568,-2.0251045],"to":[18.0,10.24568,-0.025104523],"faces":{"east":{"uv":[5.875,4.125,5.625,4.5],"tintindex":0,"rotation":0,"texture":"#0"},"south":{"uv":[8.0,3.25,7.0,3.625],"tintindex":0,"rotation":0,"texture":"#0"},"north":{"uv":[7.875,6.625,6.875,7.0],"tintindex":0,"rotation":0,"texture":"#0"},"west":{"uv":[1.125,4.875,0.875,5.25],"tintindex":0,"rotation":0,"texture":"#0"},"up":{"uv":[8.0,7.375,9.0,7.125],"tintindex":0,"rotation":0,"texture":"#0"},"down":{"uv":[8.125,0.0,9.125,0.25],"tintindex":0,"rotation":0,"texture":"#0"}},"rotation":{"origin":[15.0,12.24568,-1.0251045],"angle":-22.5,"axis":"z"}}],"display":{"gui":{"rotation":[30,225,0]}}}