{"textures":{"0":"modelengine:entity/skull_hound"},"elements":[{"from":[15.334276,-2.5,4.3644314],"to":[18.334276,8.5,8.364431],"faces":{"east":{"uv":[3.5,3.25,3.0,4.625],"tintindex":0,"rotation":0,"texture":"#0"},"south":{"uv":[3.0,3.25,3.5,4.625],"tintindex":0,"rotation":0,"texture":"#0"},"north":{"uv":[5.375,5.0,5.0,6.375],"tintindex":0,"rotation":0,"texture":"#0"},"west":{"uv":[5.0,5.0,5.375,6.375],"tintindex":0,"rotation":0,"texture":"#0"},"up":{"uv":[2.375,7.625,2.75,7.125],"tintindex":0,"rotation":0,"texture":"#0"},"down":{"uv":[9.25,2.625,9.625,3.125],"tintindex":0,"rotation":0,"texture":"#0"}},"rotation":{"origin":[9.434277,2.5,-12.635569],"angle":-22.5,"axis":"y"}}],"display":{"gui":{"rotation":[30,225,0]}}}