{"textures":{"0":"modelengine:entity/skull_hound"},"elements":[{"from":[7.5,7.4410067,6.7034206],"to":[8.5,10.441007,12.703421],"faces":{"east":{"uv":[8.75,5.25,8.0,5.625],"tintindex":0,"rotation":0,"texture":"#0"},"south":{"uv":[1.25,9.625,1.125,10.0],"tintindex":0,"rotation":0,"texture":"#0"},"north":{"uv":[4.75,1.25,4.625,1.625],"tintindex":0,"rotation":0,"texture":"#0"},"west":{"uv":[5.75,8.0,5.0,8.375],"tintindex":0,"rotation":0,"texture":"#0"},"up":{"uv":[6.25,7.875,6.375,7.125],"tintindex":0,"rotation":0,"texture":"#0"},"down":{"uv":[4.75,9.25,4.875,10.0],"tintindex":0,"rotation":0,"texture":"#0"}},"rotation":{"origin":[9.0,9.716006,9.703421],"angle":-22.5,"axis":"x"}}],"display":{"gui":{"rotation":[30,225,0]}}}