{"textures":{"0":"modelengine:entity/skull_hound"},"elements":[{"from":[8.570889,-2.5,6.116276],"to":[11.570889,8.5,9.116276],"faces":{"east":{"uv":[4.875,5.0,4.5,6.375],"tintindex":0,"rotation":0,"texture":"#0"},"south":{"uv":[4.5,5.0,4.875,6.375],"tintindex":0,"rotation":0,"texture":"#0"},"north":{"uv":[3.375,4.75,3.0,6.125],"tintindex":0,"rotation":0,"texture":"#0"},"west":{"uv":[3.0,4.75,3.375,6.125],"tintindex":0,"rotation":0,"texture":"#0"},"up":{"uv":[1.5,8.0,1.875,7.625],"tintindex":0,"rotation":0,"texture":"#0"},"down":{"uv":[9.375,0.75,9.75,1.125],"tintindex":0,"rotation":0,"texture":"#0"}},"rotation":{"origin":[8.570889,2.5,5.116276],"angle":-22.5,"axis":"y"}}],"display":{"gui":{"rotation":[30,225,0]}}}