{"textures":{"0":"modelengine:entity/skull_hound"},"elements":[{"from":[6.9625,6.5,3.0],"to":[9.0375,9.5,13.0],"faces":{"east":{"uv":[5.0,0.0,6.25,0.375],"tintindex":0,"rotation":0,"texture":"#0"},"south":{"uv":[3.125,9.375,3.375,9.75],"tintindex":0,"rotation":0,"texture":"#0"},"north":{"uv":[2.75,9.375,3.0,9.75],"tintindex":0,"rotation":0,"texture":"#0"},"west":{"uv":[6.125,2.75,7.375,3.125],"tintindex":0,"rotation":0,"texture":"#0"},"up":{"uv":[5.125,2.5,4.875,1.25],"tintindex":0,"rotation":0,"texture":"#0"},"down":{"uv":[2.25,7.125,2.0,8.375],"tintindex":0,"rotation":0,"texture":"#0"}}}],"display":{"gui":{"rotation":[30,225,0]}}}