{"textures":{"0":"modelengine:entity/skull_hound"},"elements":[{"from":[7.0,7.0,1.5],"to":[9.0,9.0,14.5],"faces":{"east":{"uv":[6.375,0.0,8.0,0.25],"tintindex":0,"rotation":0,"texture":"#0"},"south":{"uv":[5.875,8.0,6.125,8.25],"tintindex":0,"rotation":0,"texture":"#0"},"north":{"uv":[5.75,2.75,6.0,3.0],"tintindex":0,"rotation":0,"texture":"#0"},"west":{"uv":[6.5,6.25,8.125,6.5],"tintindex":0,"rotation":0,"texture":"#0"},"up":{"uv":[0.75,7.375,0.5,5.75],"tintindex":0,"rotation":0,"texture":"#0"},"down":{"uv":[6.75,6.625,6.5,8.25],"tintindex":0,"rotation":0,"texture":"#0"}}}],"display":{"gui":{"rotation":[30,225,0]}}}