{"textures":{"0":"modelengine:entity/mob_skull_berserker"},"elements":[{"from":[8.0,6.610566,-13.011093],"to":[8.0,9.610566,-7.011093],"faces":{"east":{"uv":[9.375,5.125,8.625,5.5],"tintindex":0,"rotation":0,"texture":"#0"},"west":{"uv":[8.625,5.125,9.375,5.5],"tintindex":0,"rotation":0,"texture":"#0"}}},{"from":[7.0,6.610566,-7.011093],"to":[9.0,9.610566,-1.0110931],"faces":{"east":{"uv":[9.25,8.25,8.5,8.625],"tintindex":0,"rotation":0,"texture":"#0"},"south":{"uv":[2.25,10.125,2.5,10.5],"tintindex":0,"rotation":0,"texture":"#0"},"north":{"uv":[10.125,2.0,10.375,2.375],"tintindex":0,"rotation":0,"texture":"#0"},"west":{"uv":[8.5,8.25,9.25,8.625],"tintindex":0,"rotation":0,"texture":"#0"},"up":{"uv":[7.125,3.75,6.875,3.0],"tintindex":0,"rotation":0,"texture":"#0"},"down":{"uv":[3.5,8.5,3.25,9.25],"tintindex":0,"rotation":0,"texture":"#0"}}},{"from":[7.5,9.610566,-7.011093],"to":[8.5,11.610566,-3.0110931],"faces":{"east":{"uv":[10.5,7.375,10.0,7.625],"tintindex":0,"rotation":0,"texture":"#0"},"south":{"uv":[6.0,9.625,6.125,9.875],"tintindex":0,"rotation":0,"texture":"#0"},"north":{"uv":[5.75,3.875,5.875,4.125],"tintindex":0,"rotation":0,"texture":"#0"},"west":{"uv":[10.0,7.375,10.5,7.625],"tintindex":0,"rotation":0,"texture":"#0"},"up":{"uv":[10.25,6.0,10.125,5.5],"tintindex":0,"rotation":0,"texture":"#0"},"down":{"uv":[0.125,10.25,0.0,10.75],"tintindex":0,"rotation":0,"texture":"#0"}}},{"from":[7.5,11.610566,-9.011093],"to":[8.5,14.610566,-1.0110931],"faces":{"east":{"uv":[6.0,7.875,5.0,8.25],"tintindex":0,"rotation":0,"texture":"#0"},"south":{"uv":[4.0,3.5,4.125,3.875],"tintindex":0,"rotation":0,"texture":"#0"},"north":{"uv":[3.75,1.75,3.875,2.125],"tintindex":0,"rotation":0,"texture":"#0"},"west":{"uv":[5.0,7.875,6.0,8.25],"tintindex":0,"rotation":0,"texture":"#0"},"up":{"uv":[3.75,11.0,3.625,10.0],"tintindex":0,"rotation":0,"texture":"#0"},"down":{"uv":[7.375,10.0,7.25,11.0],"tintindex":0,"rotation":0,"texture":"#0"}}},{"from":[7.5,3.6105661,-7.011093],"to":[8.5,6.610566,-3.0110931],"faces":{"east":{"uv":[10.125,0.0,9.625,0.375],"tintindex":0,"rotation":0,"texture":"#0"},"south":{"uv":[1.5,10.25,1.625,10.625],"tintindex":0,"rotation":0,"texture":"#0"},"north":{"uv":[1.25,10.25,1.375,10.625],"tintindex":0,"rotation":0,"texture":"#0"},"west":{"uv":[9.625,0.0,10.125,0.375],"tintindex":0,"rotation":0,"texture":"#0"},"up":{"uv":[0.375,10.75,0.25,10.25],"tintindex":0,"rotation":0,"texture":"#0"},"down":{"uv":[1.125,10.25,1.0,10.75],"tintindex":0,"rotation":0,"texture":"#0"}}},{"from":[7.5,-1.3894339,-10.011093],"to":[8.5,3.6105661,0.98890686],"faces":{"east":{"uv":[5.625,3.5,4.25,4.125],"tintindex":0,"rotation":0,"texture":"#0"},"south":{"uv":[2.625,10.125,2.75,10.75],"tintindex":0,"rotation":0,"texture":"#0"},"north":{"uv":[4.0,4.75,4.125,5.375],"tintindex":0,"rotation":0,"texture":"#0"},"west":{"uv":[4.25,3.5,5.625,4.125],"tintindex":0,"rotation":0,"texture":"#0"},"up":{"uv":[6.125,5.25,6.0,3.875],"tintindex":0,"rotation":0,"texture":"#0"},"down":{"uv":[2.125,6.125,2.0,7.5],"tintindex":0,"rotation":0,"texture":"#0"}}},{"from":[7.525,-0.011981964,-1.086173],"to":[8.475,2.988018,5.913827],"faces":{"east":{"uv":[8.375,8.0,7.5,8.375],"tintindex":0,"rotation":0,"texture":"#0"},"south":{"uv":[2.0,10.25,2.125,10.625],"tintindex":0,"rotation":0,"texture":"#0"},"north":{"uv":[1.75,10.25,1.875,10.625],"tintindex":0,"rotation":0,"texture":"#0"},"west":{"uv":[7.5,8.0,8.375,8.375],"tintindex":0,"rotation":0,"texture":"#0"},"up":{"uv":[6.5,9.25,6.375,8.375],"tintindex":0,"rotation":0,"texture":"#0"},"down":{"uv":[10.125,9.625,10.0,10.5],"tintindex":0,"rotation":0,"texture":"#0"}},"rotation":{"origin":[8.0,1.9880185,-1.086173],"angle":-22.5,"axis":"x"}},{"from":[7.0,6.610566,-1.0110931],"to":[9.0,9.610566,15.988907],"faces":{"east":{"uv":[0.0,4.875,2.125,5.25],"tintindex":0,"rotation":0,"texture":"#0"},"south":{"uv":[4.625,8.5,4.875,8.875],"tintindex":0,"rotation":0,"texture":"#0"},"north":{"uv":[6.25,5.625,6.5,6.0],"tintindex":0,"rotation":0,"texture":"#0"},"west":{"uv":[5.125,0.0,7.25,0.375],"tintindex":0,"rotation":0,"texture":"#0"},"up":{"uv":[7.375,9.375,7.125,7.25],"tintindex":0,"rotation":0,"texture":"#0"},"down":{"uv":[3.875,7.375,3.625,9.5],"tintindex":0,"rotation":0,"texture":"#0"}}},{"from":[7.0,5.610566,15.988907],"to":[9.0,10.610566,17.988907],"faces":{"east":{"uv":[7.5,9.625,7.75,10.25],"tintindex":0,"rotation":0,"texture":"#0"},"south":{"uv":[4.625,9.75,4.875,10.375],"tintindex":0,"rotation":0,"texture":"#0"},"north":{"uv":[5.625,9.625,5.875,10.25],"tintindex":0,"rotation":0,"texture":"#0"},"west":{"uv":[9.75,5.5,10.0,6.125],"tintindex":0,"rotation":0,"texture":"#0"},"up":{"uv":[5.625,3.375,5.375,3.125],"tintindex":0,"rotation":0,"texture":"#0"},"down":{"uv":[10.5,0.0,10.25,0.25],"tintindex":0,"rotation":0,"texture":"#0"}}}],"display":{"gui":{"rotation":[30,225,0]}}}