{"textures":{"0":"modelengine:entity/mob_skull_berserker"},"elements":[{"from":[5.0,9.375,2.75],"to":[5.0,11.375,6.75],"faces":{"east":{"uv":[2.125,9.875,1.625,10.125],"tintindex":0,"rotation":0,"texture":"#0"},"west":{"uv":[1.625,9.875,2.125,10.125],"tintindex":0,"rotation":0,"texture":"#0"}}},{"from":[3.9875002,11.375,2.75],"to":[12.0125,16.375,10.75],"faces":{"east":{"uv":[5.375,2.375,6.375,3.0],"tintindex":0,"rotation":0,"texture":"#0"},"south":{"uv":[5.125,5.375,6.125,6.0],"tintindex":0,"rotation":0,"texture":"#0"},"north":{"uv":[5.375,1.625,6.375,2.25],"tintindex":0,"rotation":0,"texture":"#0"},"west":{"uv":[4.0,5.5,5.0,6.125],"tintindex":0,"rotation":0,"texture":"#0"},"up":{"uv":[3.625,1.0,2.625,0.0],"tintindex":0,"rotation":0,"texture":"#0"},"down":{"uv":[3.625,1.125,2.625,2.125],"tintindex":0,"rotation":0,"texture":"#0"}}},{"from":[11.0,9.375,2.75],"to":[11.0,11.375,6.75],"faces":{"east":{"uv":[2.125,9.875,1.625,10.125],"tintindex":0,"rotation":0,"texture":"#0"},"west":{"uv":[1.625,9.875,2.125,10.125],"tintindex":0,"rotation":0,"texture":"#0"}}},{"from":[5.0,9.375,2.75],"to":[11.0,11.375,2.75],"faces":{"south":{"uv":[10.25,5.125,9.5,5.375],"tintindex":0,"rotation":0,"texture":"#0"},"north":{"uv":[9.5,5.125,10.25,5.375],"tintindex":0,"rotation":0,"texture":"#0"}}}],"display":{"gui":{"rotation":[30,225,0]}}}