{"textures":{"0":"modelengine:entity/mob_skull_berserker"},"elements":[{"from":[4.5,4.25,5.25],"to":[9.5,8.25,10.25],"faces":{"east":{"uv":[8.375,7.125,9.0,7.625],"tintindex":0,"rotation":0,"texture":"#0"},"south":{"uv":[1.625,8.5,2.25,9.0],"tintindex":0,"rotation":0,"texture":"#0"},"north":{"uv":[5.625,8.375,6.25,8.875],"tintindex":0,"rotation":0,"texture":"#0"},"west":{"uv":[2.375,8.5,3.0,9.0],"tintindex":0,"rotation":0,"texture":"#0"},"up":{"uv":[2.625,8.375,2.0,7.75],"tintindex":0,"rotation":0,"texture":"#0"},"down":{"uv":[3.375,7.75,2.75,8.375],"tintindex":0,"rotation":0,"texture":"#0"}}},{"from":[5.5,-4.75,6.75],"to":[8.5,8.3,9.75],"faces":{"east":{"uv":[1.5,6.125,1.875,7.75],"tintindex":0,"rotation":0,"texture":"#0"},"south":{"uv":[5.125,6.125,5.5,7.75],"tintindex":0,"rotation":0,"texture":"#0"},"north":{"uv":[1.0,6.125,1.375,7.75],"tintindex":0,"rotation":0,"texture":"#0"},"west":{"uv":[5.625,6.125,6.0,7.75],"tintindex":0,"rotation":0,"texture":"#0"},"up":{"uv":[10.125,4.25,9.75,3.875],"tintindex":0,"rotation":0,"texture":"#0"},"down":{"uv":[10.125,6.875,9.75,7.25],"tintindex":0,"rotation":0,"texture":"#0"}}}],"display":{"gui":{"rotation":[30,225,0]}}}