{"textures":{"0":"modelengine:entity/mob_skull_berserker"},"elements":[{"from":[7.0,0.25,6.0],"to":[11.0,4.25,10.0],"faces":{"east":{"uv":[9.125,6.875,9.625,7.375],"tintindex":0,"rotation":0,"texture":"#0"},"south":{"uv":[8.125,9.125,8.625,9.625],"tintindex":0,"rotation":0,"texture":"#0"},"north":{"uv":[9.125,5.625,9.625,6.125],"tintindex":0,"rotation":0,"texture":"#0"},"west":{"uv":[8.75,9.125,9.25,9.625],"tintindex":0,"rotation":0,"texture":"#0"},"up":{"uv":[4.5,9.75,4.0,9.25],"tintindex":0,"rotation":0,"texture":"#0"},"down":{"uv":[6.75,9.375,6.25,9.875],"tintindex":0,"rotation":0,"texture":"#0"}}},{"from":[7.5,-4.75,6.5],"to":[10.5,8.25,9.5],"faces":{"east":{"uv":[6.25,3.875,6.625,5.5],"tintindex":0,"rotation":0,"texture":"#0"},"south":{"uv":[4.0,6.25,4.375,7.875],"tintindex":0,"rotation":0,"texture":"#0"},"north":{"uv":[6.125,6.125,6.5,7.75],"tintindex":0,"rotation":0,"texture":"#0"},"west":{"uv":[4.5,6.25,4.875,7.875],"tintindex":0,"rotation":0,"texture":"#0"},"up":{"uv":[8.25,10.125,7.875,9.75],"tintindex":0,"rotation":0,"texture":"#0"},"down":{"uv":[8.75,9.75,8.375,10.125],"tintindex":0,"rotation":0,"texture":"#0"}}}],"display":{"gui":{"rotation":[30,225,0]}}}