{"textures":{"0":"modelengine:entity/mob_skull_berserker"},"elements":[{"from":[9.75,1.0,-0.75],"to":[11.75,16.0,19.25],"faces":{"east":{"uv":[0.0,0.0,2.5,1.875],"tintindex":0,"rotation":0,"texture":"#0"},"south":{"uv":[7.5,0.0,7.75,1.875],"tintindex":0,"rotation":0,"texture":"#0"},"north":{"uv":[6.625,7.375,6.875,9.25],"tintindex":0,"rotation":0,"texture":"#0"},"west":{"uv":[2.5,0.0,0.0,1.875],"tintindex":0,"rotation":0,"texture":"#0"},"up":{"uv":[3.875,7.25,3.625,4.75],"tintindex":0,"rotation":0,"texture":"#0"},"down":{"uv":[2.5,4.875,2.25,7.375],"tintindex":0,"rotation":0,"texture":"#0"}}},{"from":[6.75,7.0,4.25],"to":[9.75,9.0,9.25],"faces":{"east":{"uv":[9.75,3.125,10.375,3.375],"tintindex":0,"rotation":0,"texture":"#0"},"south":{"uv":[10.125,1.625,10.5,1.875],"tintindex":0,"rotation":0,"texture":"#0"},"north":{"uv":[10.125,1.25,10.5,1.5],"tintindex":0,"rotation":0,"texture":"#0"},"west":{"uv":[9.75,3.5,10.375,3.75],"tintindex":0,"rotation":0,"texture":"#0"},"up":{"uv":[9.75,9.75,9.375,9.125],"tintindex":0,"rotation":0,"texture":"#0"},"down":{"uv":[0.375,9.5,0.0,10.125],"tintindex":0,"rotation":0,"texture":"#0"}}}],"display":{"gui":{"rotation":[30,225,0]}}}