{"textures":{"1":"modelengine:entity/mob_skull_mage_extra"},"elements":[{"from":[6.0,4.625,8.125],"to":[6.0,6.625,10.125],"faces":{"east":{"uv":[4.25,7.75,4.0,8.0],"tintindex":0,"rotation":0,"texture":"#1"},"west":{"uv":[4.0,7.75,4.25,8.0],"tintindex":0,"rotation":0,"texture":"#1"}}},{"from":[4.975,4.625,5.125],"to":[11.025,9.625,8.125],"faces":{"east":{"uv":[2.375,7.625,2.0,8.25],"tintindex":0,"rotation":0,"texture":"#1"},"south":{"uv":[6.625,0.0,5.875,0.625],"tintindex":0,"rotation":0,"texture":"#1"},"north":{"uv":[3.25,5.625,2.5,6.25],"tintindex":0,"rotation":0,"texture":"#1"},"west":{"uv":[3.25,1.5,2.875,2.125],"tintindex":0,"rotation":0,"texture":"#1"},"up":{"uv":[6.875,6.375,7.625,6.0],"tintindex":0,"rotation":0,"texture":"#1"},"down":{"uv":[6.875,6.5,7.625,6.875],"tintindex":0,"rotation":0,"texture":"#1"}}},{"from":[6.0,4.625,8.125],"to":[10.0,4.625,10.125],"faces":{"up":{"uv":[2.5,7.875,3.0,7.625],"tintindex":0,"rotation":0,"texture":"#1"},"down":{"uv":[2.5,7.625,3.0,7.875],"tintindex":0,"rotation":0,"texture":"#1"}}},{"from":[10.0,4.625,8.125],"to":[10.0,6.625,10.125],"faces":{"east":{"uv":[4.25,7.75,4.0,8.0],"tintindex":0,"rotation":0,"texture":"#1"},"west":{"uv":[4.0,7.75,4.25,8.0],"tintindex":0,"rotation":0,"texture":"#1"}}}],"display":{"gui":{"rotation":[30,225,0]}}}