{"textures":{"1":"modelengine:entity/mob_skull_mage_extra"},"elements":[{"from":[5.0,4.7690296,10.095671],"to":[11.0,7.7690296,11.095671],"faces":{"east":{"uv":[2.875,8.0,2.75,8.375],"tintindex":0,"rotation":0,"texture":"#1"},"south":{"uv":[7.75,1.125,7.0,1.5],"tintindex":0,"rotation":0,"texture":"#1"},"north":{"uv":[7.75,0.625,7.0,1.0],"tintindex":0,"rotation":0,"texture":"#1"},"west":{"uv":[2.875,8.0,2.75,8.375],"tintindex":0,"rotation":0,"texture":"#1"},"up":{"uv":[7.5,3.625,8.25,3.5],"tintindex":0,"rotation":0,"texture":"#1"},"down":{"uv":[0.625,7.75,1.375,7.875],"tintindex":0,"rotation":0,"texture":"#1"}},"rotation":{"origin":[8.0,7.2690296,10.095671],"angle":-22.5,"axis":"x"}},{"from":[11.0,4.7690296,9.095671],"to":[11.0,7.7690296,10.095671],"faces":{"east":{"uv":[1.375,8.0,1.25,8.375],"tintindex":0,"rotation":0,"texture":"#1"},"west":{"uv":[1.25,8.0,1.375,8.375],"tintindex":0,"rotation":0,"texture":"#1"}},"rotation":{"origin":[8.0,7.2690296,10.095671],"angle":-22.5,"axis":"x"}},{"from":[5.0,4.7690296,9.095671],"to":[11.0,4.7690296,10.095671],"faces":{"up":{"uv":[7.75,6.125,8.5,6.0],"tintindex":0,"rotation":0,"texture":"#1"},"down":{"uv":[7.75,6.0,8.5,6.125],"tintindex":0,"rotation":0,"texture":"#1"}},"rotation":{"origin":[8.0,7.2690296,10.095671],"angle":-22.5,"axis":"x"}},{"from":[5.0,7.7690296,8.095671],"to":[11.0,9.76903,11.095671],"faces":{"east":{"uv":[4.125,1.0,3.75,1.25],"tintindex":0,"rotation":0,"texture":"#1"},"south":{"uv":[8.0,7.625,7.25,7.875],"tintindex":0,"rotation":0,"texture":"#1"},"north":{"uv":[7.125,7.625,6.375,7.875],"tintindex":0,"rotation":0,"texture":"#1"},"west":{"uv":[3.75,1.0,4.125,1.25],"tintindex":0,"rotation":0,"texture":"#1"},"up":{"uv":[5.0,7.25,5.75,6.875],"tintindex":0,"rotation":0,"texture":"#1"},"down":{"uv":[5.875,6.875,6.625,7.25],"tintindex":0,"rotation":0,"texture":"#1"}},"rotation":{"origin":[8.0,7.2690296,10.095671],"angle":-22.5,"axis":"x"}},{"from":[7.0,4.2690296,9.095671],"to":[9.0,6.2690296,11.095671],"faces":{"east":{"uv":[8.125,1.0,7.875,1.25],"tintindex":0,"rotation":0,"texture":"#1"},"south":{"uv":[8.125,0.625,7.875,0.875],"tintindex":0,"rotation":0,"texture":"#1"},"north":{"uv":[8.0,6.25,7.75,6.5],"tintindex":0,"rotation":0,"texture":"#1"},"west":{"uv":[8.0,6.625,7.75,6.875],"tintindex":0,"rotation":0,"texture":"#1"},"up":{"uv":[7.875,5.875,8.125,5.625],"tintindex":0,"rotation":0,"texture":"#1"},"down":{"uv":[0.625,8.0,0.875,8.25],"tintindex":0,"rotation":0,"texture":"#1"}},"rotation":{"origin":[8.0,5.2690296,10.095671],"angle":0.0,"axis":"x"}},{"from":[5.0,4.7690296,9.095671],"to":[5.0,7.7690296,10.095671],"faces":{"east":{"uv":[1.375,8.0,1.25,8.375],"tintindex":0,"rotation":0,"texture":"#1"},"west":{"uv":[1.25,8.0,1.375,8.375],"tintindex":0,"rotation":0,"texture":"#1"}},"rotation":{"origin":[8.0,7.2690296,10.095671],"angle":-22.5,"axis":"x"}}],"display":{"gui":{"rotation":[30,225,0]}}}