{"textures":{"0":"modelengine:entity/mob_skull_mage"},"elements":[{"from":[10.75,7.625,8.0],"to":[11.5,8.375,8.0],"faces":{"south":{"uv":[7.625,2.75,7.5,2.875],"tintindex":0,"rotation":0,"texture":"#0"},"north":{"uv":[2.375,7.5,2.25,7.625],"tintindex":0,"rotation":0,"texture":"#0"}}},{"from":[4.5,7.625,8.0],"to":[5.25,8.375,8.0],"faces":{"south":{"uv":[7.5,2.75,7.625,2.875],"tintindex":0,"rotation":0,"texture":"#0"},"north":{"uv":[2.25,7.5,2.375,7.625],"tintindex":0,"rotation":0,"texture":"#0"}}}],"display":{"gui":{"rotation":[30,225,0]}}}