{"textures":{"0":"modelengine:entity/mob_skull_mage","1":"modelengine:entity/mob_skull_mage_extra"},"elements":[{"from":[5.0,9.375,2.75],"to":[5.0,11.375,6.75],"faces":{"east":{"uv":[2.125,9.875,1.625,10.125],"tintindex":0,"rotation":0,"texture":"#0"},"west":{"uv":[1.625,9.875,2.125,10.125],"tintindex":0,"rotation":0,"texture":"#0"}}},{"from":[3.4875002,6.375,2.25],"to":[3.4875002,13.375,11.25],"faces":{"east":{"uv":[3.75,0.0,4.875,0.875],"tintindex":0,"rotation":0,"texture":"#1"},"west":{"uv":[3.375,3.75,4.5,4.625],"tintindex":0,"rotation":0,"texture":"#1"}}},{"from":[12.5125,6.375,2.25],"to":[12.5125,13.375,11.25],"faces":{"east":{"uv":[4.25,1.0,5.375,1.875],"tintindex":0,"rotation":0,"texture":"#1"},"west":{"uv":[5.375,1.0,4.25,1.875],"tintindex":0,"rotation":0,"texture":"#1"}}},{"from":[3.4875002,15.375,2.25],"to":[3.4875002,20.375,8.25],"faces":{"east":{"uv":[4.125,5.25,4.875,5.875],"tintindex":0,"rotation":0,"texture":"#1"},"west":{"uv":[5.0,5.25,5.75,5.875],"tintindex":0,"rotation":0,"texture":"#1"}}},{"from":[3.4875002,6.375,2.25],"to":[3.4875002,13.375,11.25],"faces":{"east":{"uv":[4.25,1.0,5.375,1.875],"tintindex":0,"rotation":0,"texture":"#1"},"west":{"uv":[5.375,1.0,4.25,1.875],"tintindex":0,"rotation":0,"texture":"#1"}}},{"from":[3.4875002,15.375,2.25],"to":[3.4875002,20.375,8.25],"faces":{"east":{"uv":[5.5,0.875,6.25,1.5],"tintindex":0,"rotation":0,"texture":"#1"},"west":{"uv":[6.25,0.875,5.5,1.5],"tintindex":0,"rotation":0,"texture":"#1"}}},{"from":[3.4875002,13.375,2.25],"to":[12.5125,15.375,11.25],"faces":{"east":{"uv":[6.625,5.625,7.75,5.875],"tintindex":0,"rotation":0,"texture":"#1"},"south":{"uv":[0.75,6.75,1.875,7.0],"tintindex":0,"rotation":0,"texture":"#1"},"north":{"uv":[6.25,2.5,7.375,2.75],"tintindex":0,"rotation":0,"texture":"#1"},"west":{"uv":[3.75,6.75,4.875,7.0],"tintindex":0,"rotation":0,"texture":"#1"},"up":{"uv":[1.125,1.125,0.0,0.0],"tintindex":0,"rotation":0,"texture":"#1"},"down":{"uv":[1.125,1.25,0.0,2.375],"tintindex":0,"rotation":0,"texture":"#1"}}},{"from":[5.0,9.375,2.75],"to":[11.0,11.375,2.75],"faces":{"south":{"uv":[10.25,5.125,9.5,5.375],"tintindex":0,"rotation":0,"texture":"#0"},"north":{"uv":[9.5,5.125,10.25,5.375],"tintindex":0,"rotation":0,"texture":"#0"}}},{"from":[3.9875002,11.375,2.75],"to":[12.0125,16.375,10.75],"faces":{"east":{"uv":[5.375,2.375,6.375,3.0],"tintindex":0,"rotation":0,"texture":"#0"},"south":{"uv":[5.125,5.375,6.125,6.0],"tintindex":0,"rotation":0,"texture":"#0"},"north":{"uv":[5.375,1.625,6.375,2.25],"tintindex":0,"rotation":0,"texture":"#0"},"west":{"uv":[4.0,5.5,5.0,6.125],"tintindex":0,"rotation":0,"texture":"#0"},"up":{"uv":[3.625,1.0,2.625,0.0],"tintindex":0,"rotation":0,"texture":"#0"},"down":{"uv":[3.625,1.125,2.625,2.125],"tintindex":0,"rotation":0,"texture":"#0"}}},{"from":[3.4875002,15.375,2.25],"to":[12.5125,20.375,2.25],"faces":{"south":{"uv":[5.75,3.75,4.625,4.375],"tintindex":0,"rotation":0,"texture":"#1"},"north":{"uv":[4.625,3.75,5.75,4.375],"tintindex":0,"rotation":0,"texture":"#1"}}},{"from":[12.5125,15.375,2.25],"to":[12.5125,20.375,8.25],"faces":{"east":{"uv":[5.5,0.875,6.25,1.5],"tintindex":0,"rotation":0,"texture":"#1"},"west":{"uv":[6.25,0.875,5.5,1.5],"tintindex":0,"rotation":0,"texture":"#1"}}},{"from":[11.0,9.375,2.75],"to":[11.0,11.375,6.75],"faces":{"east":{"uv":[2.125,9.875,1.625,10.125],"tintindex":0,"rotation":0,"texture":"#0"},"west":{"uv":[1.625,9.875,2.125,10.125],"tintindex":0,"rotation":0,"texture":"#0"}}},{"from":[3.5,6.375,11.25],"to":[12.5,13.375,11.25],"faces":{"south":{"uv":[2.0,4.125,3.125,5.0],"tintindex":0,"rotation":0,"texture":"#1"},"north":{"uv":[3.125,4.125,2.0,5.0],"tintindex":0,"rotation":0,"texture":"#1"}}}],"display":{"gui":{"rotation":[30,225,0]}}}