{"textures":{"0":"modelengine:entity/mob_skull_mage","1":"modelengine:entity/mob_skull_mage_extra"},"elements":[{"from":[6.625,5.625,5.5],"to":[11.625,9.625,10.5],"faces":{"east":{"uv":[7.375,0.0,6.75,0.5],"tintindex":0,"rotation":0,"texture":"#1"},"south":{"uv":[7.25,5.0,6.625,5.5],"tintindex":0,"rotation":0,"texture":"#1"},"north":{"uv":[7.25,3.75,6.625,4.25],"tintindex":0,"rotation":0,"texture":"#1"},"west":{"uv":[7.375,0.0,6.75,0.5],"tintindex":0,"rotation":0,"texture":"#1"},"up":{"uv":[0.75,6.625,1.375,6.0],"tintindex":0,"rotation":0,"texture":"#1"},"down":{"uv":[1.5,6.0,2.125,6.625],"tintindex":0,"rotation":0,"texture":"#1"}}},{"from":[11.434316,8.667368,5.5],"to":[16.434315,8.667368,10.5],"faces":{"up":{"uv":[6.5,5.125,5.875,4.5],"tintindex":0,"rotation":0,"texture":"#1"},"down":{"uv":[6.5,4.5,5.875,5.125],"tintindex":0,"rotation":0,"texture":"#1"}},"rotation":{"origin":[13.934316,8.667368,8.0],"angle":-22.5,"axis":"z"}},{"from":[7.125,-2.375,6.0],"to":[11.125,1.625,10.0],"faces":{"east":{"uv":[7.875,4.375,7.375,4.875],"tintindex":0,"rotation":0,"texture":"#1"},"south":{"uv":[7.875,3.75,7.375,4.25],"tintindex":0,"rotation":0,"texture":"#1"},"north":{"uv":[3.75,7.125,3.25,7.625],"tintindex":0,"rotation":0,"texture":"#1"},"west":{"uv":[4.375,7.125,3.875,7.625],"tintindex":0,"rotation":0,"texture":"#1"},"up":{"uv":[4.5,7.875,5.0,7.375],"tintindex":0,"rotation":0,"texture":"#1"},"down":{"uv":[7.375,5.0,7.875,5.5],"tintindex":0,"rotation":0,"texture":"#1"}}},{"from":[7.625,-4.375,6.5],"to":[10.625,8.625,9.5],"faces":{"east":{"uv":[0.875,6.125,0.5,7.75],"tintindex":0,"rotation":0,"texture":"#0"},"south":{"uv":[0.375,6.125,0.0,7.75],"tintindex":0,"rotation":0,"texture":"#0"},"north":{"uv":[3.0,6.0,2.625,7.625],"tintindex":0,"rotation":0,"texture":"#0"},"west":{"uv":[3.5,6.0,3.125,7.625],"tintindex":0,"rotation":0,"texture":"#0"},"up":{"uv":[1.5,8.25,1.875,7.875],"tintindex":0,"rotation":0,"texture":"#0"},"down":{"uv":[6.125,7.875,6.5,8.25],"tintindex":0,"rotation":0,"texture":"#0"}}}],"display":{"gui":{"rotation":[30,225,0]}}}