{"textures":{"0":"modelengine:entity/mob_skull_mage","1":"modelengine:entity/mob_skull_mage_extra"},"elements":[{"from":[5.0,-1.75,6.25],"to":[9.0,2.25,10.25],"faces":{"east":{"uv":[7.5,0.0,8.0,0.5],"tintindex":0,"rotation":0,"texture":"#1"},"south":{"uv":[7.5,2.25,8.0,2.75],"tintindex":0,"rotation":0,"texture":"#1"},"north":{"uv":[7.375,7.0,7.875,7.5],"tintindex":0,"rotation":0,"texture":"#1"},"west":{"uv":[7.5,2.875,8.0,3.375],"tintindex":0,"rotation":0,"texture":"#1"},"up":{"uv":[0.5,8.125,0.0,7.625],"tintindex":0,"rotation":0,"texture":"#1"},"down":{"uv":[8.125,1.625,7.625,2.125],"tintindex":0,"rotation":0,"texture":"#1"}}},{"from":[5.5,-4.75,6.75],"to":[8.5,8.3,9.75],"faces":{"east":{"uv":[1.5,6.125,1.875,7.75],"tintindex":0,"rotation":0,"texture":"#0"},"south":{"uv":[5.125,6.125,5.5,7.75],"tintindex":0,"rotation":0,"texture":"#0"},"north":{"uv":[1.0,6.125,1.375,7.75],"tintindex":0,"rotation":0,"texture":"#0"},"west":{"uv":[5.625,6.125,6.0,7.75],"tintindex":0,"rotation":0,"texture":"#0"},"up":{"uv":[10.125,4.25,9.75,3.875],"tintindex":0,"rotation":0,"texture":"#0"},"down":{"uv":[10.125,6.875,9.75,7.25],"tintindex":0,"rotation":0,"texture":"#0"}}}],"display":{"gui":{"rotation":[30,225,0]}}}