{"textures":{"0":"modelengine:entity/mob_skull_mage","1":"modelengine:entity/mob_skull_mage_extra"},"elements":[{"from":[6.5,8.178572,9.014286],"to":[9.5,20.178572,11.014286],"faces":{"east":{"uv":[0.0,7.875,0.25,9.375],"tintindex":0,"rotation":0,"texture":"#0"},"south":{"uv":[7.25,3.0,7.625,4.5],"tintindex":0,"rotation":0,"texture":"#0"},"north":{"uv":[7.125,5.625,7.5,7.125],"tintindex":0,"rotation":0,"texture":"#0"},"west":{"uv":[7.875,0.0,8.125,1.5],"tintindex":0,"rotation":0,"texture":"#0"},"up":{"uv":[6.375,1.5,6.0,1.25],"tintindex":0,"rotation":0,"texture":"#0"},"down":{"uv":[10.375,7.75,10.0,8.0],"tintindex":0,"rotation":0,"texture":"#0"}}},{"from":[5.0,9.178572,12.264286],"to":[11.0,20.178572,12.264286],"faces":{"south":{"uv":[2.375,2.625,1.625,4.0],"tintindex":0,"rotation":0,"texture":"#1"},"north":{"uv":[3.25,2.625,2.5,4.0],"tintindex":0,"rotation":0,"texture":"#1"}}},{"from":[3.0,17.178572,6.0142856],"to":[13.0,19.178572,12.014286],"faces":{"east":{"uv":[0.5,9.5,1.25,9.75],"tintindex":0,"rotation":0,"texture":"#0"},"south":{"uv":[8.25,0.375,9.5,0.625],"tintindex":0,"rotation":0,"texture":"#0"},"north":{"uv":[8.25,0.0,9.5,0.25],"tintindex":0,"rotation":0,"texture":"#0"},"west":{"uv":[1.375,9.5,2.125,9.75],"tintindex":0,"rotation":0,"texture":"#0"},"up":{"uv":[1.25,4.75,0.0,4.0],"tintindex":0,"rotation":0,"texture":"#0"},"down":{"uv":[2.625,4.0,1.375,4.75],"tintindex":0,"rotation":0,"texture":"#0"}}},{"from":[14.0,18.178572,9.014286],"to":[14.0,24.178572,15.014286],"faces":{"east":{"uv":[5.75,0.0,5.0,0.75],"tintindex":0,"rotation":0,"texture":"#1"},"west":{"uv":[5.0,0.0,5.75,0.75],"tintindex":0,"rotation":0,"texture":"#1"}}},{"from":[2.0,18.178572,9.014286],"to":[14.0,18.178572,15.014286],"faces":{"up":{"uv":[2.75,2.5,1.25,1.75],"tintindex":0,"rotation":0,"texture":"#1"},"down":{"uv":[1.5,2.625,0.0,3.375],"tintindex":0,"rotation":0,"texture":"#1"}}},{"from":[3.0,6.1785717,6.0142856],"to":[13.0,9.178572,12.014286],"faces":{"east":{"uv":[8.5,6.375,9.25,6.75],"tintindex":0,"rotation":0,"texture":"#0"},"south":{"uv":[7.25,5.125,8.5,5.5],"tintindex":0,"rotation":0,"texture":"#0"},"north":{"uv":[7.25,4.625,8.5,5.0],"tintindex":0,"rotation":0,"texture":"#0"},"west":{"uv":[7.5,8.5,8.25,8.875],"tintindex":0,"rotation":0,"texture":"#0"},"up":{"uv":[5.0,0.75,3.75,0.0],"tintindex":0,"rotation":0,"texture":"#0"},"down":{"uv":[5.0,0.875,3.75,1.625],"tintindex":0,"rotation":0,"texture":"#0"}}},{"from":[5.0,9.178572,5.7642856],"to":[11.0,20.178572,5.7642856],"faces":{"south":{"uv":[2.5,2.625,3.25,4.0],"tintindex":0,"rotation":0,"texture":"#1"},"north":{"uv":[1.625,2.625,2.375,4.0],"tintindex":0,"rotation":0,"texture":"#1"}}},{"from":[2.0,18.178572,15.014286],"to":[14.0,24.178572,15.014286],"faces":{"south":{"uv":[1.25,0.875,2.75,1.625],"tintindex":0,"rotation":0,"texture":"#1"},"north":{"uv":[2.75,0.875,1.25,1.625],"tintindex":0,"rotation":0,"texture":"#1"}}},{"from":[3.0,14.178572,6.0142856],"to":[13.0,16.178572,12.014286],"faces":{"east":{"uv":[9.25,1.5,10.0,1.75],"tintindex":0,"rotation":0,"texture":"#0"},"south":{"uv":[7.875,1.625,9.125,1.875],"tintindex":0,"rotation":0,"texture":"#0"},"north":{"uv":[7.75,4.25,9.0,4.5],"tintindex":0,"rotation":0,"texture":"#0"},"west":{"uv":[9.375,8.125,10.125,8.375],"tintindex":0,"rotation":0,"texture":"#0"},"up":{"uv":[3.875,3.0,2.625,2.25],"tintindex":0,"rotation":0,"texture":"#0"},"down":{"uv":[3.875,3.125,2.625,3.875],"tintindex":0,"rotation":0,"texture":"#0"}}},{"from":[3.0,11.178572,6.0142856],"to":[13.0,13.178572,12.014286],"faces":{"east":{"uv":[9.5,4.375,10.25,4.625],"tintindex":0,"rotation":0,"texture":"#0"},"south":{"uv":[8.25,1.125,9.5,1.375],"tintindex":0,"rotation":0,"texture":"#0"},"north":{"uv":[8.25,0.75,9.5,1.0],"tintindex":0,"rotation":0,"texture":"#0"},"west":{"uv":[9.5,4.75,10.25,5.0],"tintindex":0,"rotation":0,"texture":"#0"},"up":{"uv":[5.25,2.5,4.0,1.75],"tintindex":0,"rotation":0,"texture":"#0"},"down":{"uv":[5.25,2.625,4.0,3.375],"tintindex":0,"rotation":0,"texture":"#0"}}},{"from":[2.0,18.178572,9.014286],"to":[2.0,24.178572,15.014286],"faces":{"east":{"uv":[5.75,0.0,5.0,0.75],"tintindex":0,"rotation":0,"texture":"#1"},"west":{"uv":[5.0,0.0,5.75,0.75],"tintindex":0,"rotation":0,"texture":"#1"}}}],"display":{"gui":{"rotation":[30,225,0]}}}