{"textures":{"0":"modelengine:entity/mob_skull_mage","1":"modelengine:entity/mob_skull_mage_extra"},"elements":[{"from":[5.0,-2.333334,6.0],"to":[9.0,1.666666,10.0],"faces":{"east":{"uv":[7.25,7.0,6.75,7.5],"tintindex":0,"rotation":0,"texture":"#1"},"south":{"uv":[3.125,7.0,2.625,7.5],"tintindex":0,"rotation":0,"texture":"#1"},"north":{"uv":[7.5,1.625,7.0,2.125],"tintindex":0,"rotation":0,"texture":"#1"},"west":{"uv":[2.5,7.0,2.0,7.5],"tintindex":0,"rotation":0,"texture":"#1"},"up":{"uv":[0.75,7.625,1.25,7.125],"tintindex":0,"rotation":0,"texture":"#1"},"down":{"uv":[1.375,7.125,1.875,7.625],"tintindex":0,"rotation":0,"texture":"#1"}}},{"from":[5.5,-4.333334,6.5],"to":[8.5,8.666666,9.5],"faces":{"east":{"uv":[7.375,1.25,7.0,2.875],"tintindex":0,"rotation":0,"texture":"#0"},"south":{"uv":[7.125,3.875,6.75,5.5],"tintindex":0,"rotation":0,"texture":"#0"},"north":{"uv":[6.875,1.25,6.5,2.875],"tintindex":0,"rotation":0,"texture":"#0"},"west":{"uv":[7.0,5.625,6.625,7.25],"tintindex":0,"rotation":0,"texture":"#0"},"up":{"uv":[8.875,10.125,9.25,9.75],"tintindex":0,"rotation":0,"texture":"#0"},"down":{"uv":[0.5,9.875,0.875,10.25],"tintindex":0,"rotation":0,"texture":"#0"}}},{"from":[4.5,5.666666,5.5],"to":[9.5,9.666666,10.5],"faces":{"east":{"uv":[6.125,2.375,5.5,2.875],"tintindex":0,"rotation":0,"texture":"#1"},"south":{"uv":[2.875,6.375,2.25,6.875],"tintindex":0,"rotation":0,"texture":"#1"},"north":{"uv":[1.375,3.5,0.75,4.0],"tintindex":0,"rotation":0,"texture":"#1"},"west":{"uv":[6.125,2.375,5.5,2.875],"tintindex":0,"rotation":0,"texture":"#1"},"up":{"uv":[3.375,6.25,4.0,5.625],"tintindex":0,"rotation":0,"texture":"#1"},"down":{"uv":[5.875,3.75,6.5,4.375],"tintindex":0,"rotation":0,"texture":"#1"}}},{"from":[-0.30931568,8.709034,5.5],"to":[4.6906843,8.709034,10.5],"faces":{"up":{"uv":[5.875,5.125,6.5,4.5],"tintindex":0,"rotation":0,"texture":"#1"},"down":{"uv":[5.875,4.5,6.5,5.125],"tintindex":0,"rotation":0,"texture":"#1"}},"rotation":{"origin":[2.1906843,8.709034,8.0],"angle":22.5,"axis":"z"}}],"display":{"gui":{"rotation":[30,225,0]}}}