{"textures":{"1":"modelengine:entity/mob_skull_mage_extra"},"elements":[{"from":[6.9444447,7.217147,-7.7915745],"to":[8.944445,9.217147,28.208426],"faces":{"east":{"uv":[7.375,3.375,3.375,3.625],"tintindex":0,"rotation":0,"texture":"#1"},"south":{"uv":[4.0,6.375,3.75,6.625],"tintindex":0,"rotation":0,"texture":"#1"},"north":{"uv":[4.375,4.75,4.125,5.0],"tintindex":0,"rotation":0,"texture":"#1"},"west":{"uv":[7.375,3.625,3.375,3.375],"tintindex":0,"rotation":0,"texture":"#1"},"up":{"uv":[0.0,7.5,0.25,3.5],"tintindex":0,"rotation":0,"texture":"#1"},"down":{"uv":[0.25,7.5,0.0,3.5],"tintindex":0,"rotation":0,"texture":"#1"}}}],"display":{"gui":{"rotation":[30,225,0]}}}