{"textures":{"1":"modelengine:entity/vfx_arrow"},"elements":[{"from":[8.0,6.86,-4.8899994],"to":[8.0,9.14,8.889999],"faces":{"east":{"uv":[6.89,5.0,0.0,9.64],"tintindex":0,"rotation":0,"texture":"#1"},"west":{"uv":[0.0,5.0,6.89,9.64],"tintindex":0,"rotation":0,"texture":"#1"}}},{"from":[6.86,8.0,-4.8899994],"to":[9.139999,8.0,8.889999],"faces":{"up":{"uv":[6.89,5.0,0.0,9.64],"tintindex":0,"rotation":270,"texture":"#1"},"down":{"uv":[0.0,5.0,6.89,9.64],"tintindex":0,"rotation":270,"texture":"#1"}}}],"display":{"gui":{"rotation":[30,225,0]}}}