{"textures":{"0":"modelengine:entity/vfx_arrow_trail"},"elements":[{"from":[8.0,7.9116664,7.9866667],"to":[8.0,8.088333,29.68],"faces":{"east":{"uv":[8.125,0.0,0.0,0.125],"tintindex":0,"rotation":0,"texture":"#0"},"west":{"uv":[0.0,0.0,8.125,0.125],"tintindex":0,"rotation":0,"texture":"#0"}}},{"from":[7.911667,8.001666,7.9866667],"to":[8.088333,8.001666,29.68],"faces":{"up":{"uv":[8.125,0.0,0.0,0.125],"tintindex":0,"rotation":270,"texture":"#0"},"down":{"uv":[0.0,0.0,8.125,0.125],"tintindex":0,"rotation":270,"texture":"#0"}}}],"display":{"gui":{"rotation":[30,225,0]}}}